Frame,Ear Value,Abnormal Blink,PERCLOS,Alarm Level
0,0.203,0,0.00,0
1,0.207,0,0.00,0
2,0.237,1,0.00,0
3,0.187,1,0.00,0
4,0.186,1,0.00,0
5,0.157,1,0.00,0
6,0.176,1,0.00,0
7,0.203,1,0.00,0
8,0.205,1,0.00,0
9,0.168,1,0.00,0
10,0.215,1,0.00,0
11,0.189,1,0.00,0
12,0.183,1,0.00,0
13,0.191,1,0.00,0
14,0.176,1,0.00,0
15,0.191,1,0.00,0
16,0.190,1,0.00,0
17,0.184,1,0.00,0
18,0.192,1,0.00,0
19,0.187,1,0.00,0
20,0.170,1,0.00,0
21,0.207,1,0.00,0
22,0.195,1,0.00,0
23,0.204,1,0.00,0
24,0.213,1,0.00,0
25,0.229,1,0.00,0
26,0.188,1,0.00,0
27,0.248,1,0.00,0
28,0.215,1,0.00,0
29,0.224,1,0.00,0
30,0.213,1,0.00,0
31,0.229,1,0.00,0
32,0.243,1,0.00,0
33,0.222,1,0.00,0
34,0.232,1,0.00,0
35,0.229,1,0.00,0
36,0.230,1,0.00,0
37,0.203,1,0.00,0
38,0.207,1,0.00,0
39,0.249,1,0.00,0
40,0.245,1,0.00,0
41,0.277,1,0.00,0
42,0.278,1,0.00,0
43,0.244,1,0.00,0
44,0.240,1,0.00,0
45,0.225,1,0.00,0
46,0.240,1,0.00,0
47,0.267,1,0.00,0
48,0.263,1,0.00,0
49,0.261,1,0.00,0
50,0.258,1,0.00,0
51,0.259,1,0.00,0
52,0.268,1,0.00,0
53,0.277,1,0.00,0
54,0.259,1,0.00,0
55,0.277,1,0.00,0
56,0.333,0,0.00,0
57,0.317,0,0.00,0
58,0.314,0,0.00,0
59,0.314,0,0.00,0
60,0.326,0,0.00,0
61,0.314,0,0.00,0
62,0.315,0,0.00,0
63,0.347,0,0.00,0
64,0.351,0,0.00,0
65,0.337,0,0.00,0
66,0.307,0,0.00,0
67,0.326,0,0.00,0
68,0.326,0,0.00,0
69,0.307,0,0.00,0
70,0.317,0,0.00,0
71,0.309,0,0.00,0
72,0.290,0,0.00,0
73,0.312,0,0.00,0
74,0.290,0,0.00,0
75,0.262,0,0.00,0
76,0.261,1,0.00,0
77,0.279,1,0.00,0
78,0.298,1,0.00,0
79,0.267,1,0.00,0
80,0.310,0,0.00,0
81,0.269,0,0.00,0
82,0.305,0,0.00,0
83,0.290,0,0.00,0
84,0.270,0,0.00,0
85,0.307,0,0.00,0
86,0.271,0,0.00,0
87,0.288,0,0.00,0
88,0.267,1,0.00,0
89,0.269,1,0.00,0
90,0.280,1,0.00,0
91,0.290,1,0.00,0
92,0.229,1,0.00,0
93,0.269,1,0.00,0
94,0.230,1,0.00,0
95,0.268,1,0.00,0
96,0.272,1,0.00,0
97,0.268,1,0.00,0
98,0.243,1,0.00,0
99,0.233,1,0.00,0
100,0.288,1,0.00,0
101,0.262,1,0.00,0
102,0.255,1,0.00,0
103,0.272,1,0.00,0
104,0.268,1,0.00,0
105,0.272,1,0.00,0
106,0.233,1,0.00,0
107,0.279,1,0.00,0
108,0.272,1,0.00,0
109,0.264,1,0.00,0
110,0.265,1,0.00,0
111,0.272,1,0.00,0
112,0.233,1,0.00,0
113,0.272,1,0.00,0
114,0.273,1,0.00,0
115,0.272,1,0.00,0
116,0.272,1,0.00,0
117,0.307,0,0.00,0
118,0.271,0,0.00,0
119,0.272,0,0.00,0
120,0.326,0,0.00,0
121,0.307,0,0.00,0
122,0.307,0,0.00,0
123,0.307,0,0.00,0
124,0.252,0,0.00,0
125,0.309,0,0.00,0
126,0.288,0,0.00,0
127,0.296,0,0.00,0
128,0.290,1,0.00,0
129,0.252,1,0.00,0
130,0.282,1,0.00,0
131,0.279,1,0.00,0
132,0.256,1,0.00,0
133,0.299,1,0.00,0
134,0.290,1,0.00,0
135,0.291,1,0.00,0
136,0.288,1,0.00,0
137,0.288,1,0.00,0
138,0.298,1,0.00,0
139,0.259,1,0.00,0
140,0.259,1,0.00,0
141,0.268,1,0.00,0
142,0.307,0,0.00,0
143,0.233,0,0.00,0
144,0.269,0,0.00,0
145,0.307,0,0.00,0
146,0.268,0,0.00,0
147,0.259,0,0.00,0
148,0.234,1,0.00,0
149,0.252,1,0.00,0
150,0.291,1,0.00,0
151,0.262,1,0.00,0
152,0.290,1,0.00,0
153,0.272,1,0.00,0
154,0.268,1,0.00,0
155,0.271,1,0.00,0
156,0.252,1,0.00,0
157,0.262,1,0.00,0
158,0.243,1,0.00,0
159,0.234,1,0.00,0
160,0.249,1,0.00,0
161,0.244,1,0.00,0
162,0.233,1,0.00,0
163,0.268,1,0.00,0
164,0.252,1,0.00,0
165,0.268,1,0.00,0
166,0.214,1,0.00,0
167,0.233,1,0.00,0
168,0.233,1,0.00,0
169,0.236,1,0.00,0
170,0.252,1,0.00,0
171,0.236,1,0.00,0
172,0.233,1,0.00,0
173,0.233,1,0.00,0
174,0.212,1,0.00,0
175,0.233,1,0.00,0
176,0.230,1,0.00,0
177,0.214,1,0.00,0
178,0.214,1,0.00,0
179,0.228,1,0.00,0
180,0.214,1,0.00,0
181,0.225,1,0.00,0
182,0.214,1,0.00,0
183,0.233,1,0.00,0
184,0.230,1,0.00,0
185,0.225,1,0.00,0
186,0.283,1,0.00,0
187,0.214,1,0.00,0
188,0.230,1,0.00,0
189,0.225,1,0.00,0
190,0.236,1,0.00,0
191,0.233,1,0.00,0
192,0.254,1,0.00,0
193,0.225,1,0.00,0
194,0.222,1,0.00,0
195,0.246,1,0.00,0
196,0.233,1,0.00,0
197,0.252,1,0.00,0
198,0.240,1,0.00,0
199,0.229,1,0.00,0
200,0.213,1,0.00,0
201,0.223,1,0.00,0
202,0.221,1,0.00,0
203,0.249,1,0.00,0
204,0.212,1,0.00,0
205,0.252,1,0.00,0
206,0.209,1,0.00,0
207,0.233,1,0.00,0
208,0.232,1,0.00,0
209,0.226,1,0.00,0
210,0.286,1,0.00,0
211,0.268,1,0.00,0
212,0.252,1,0.00,0
213,0.252,1,0.00,0
214,0.233,1,0.00,0
215,0.251,1,0.00,0
216,0.270,1,0.00,0
217,0.240,1,0.00,0
218,0.242,1,0.00,0
219,0.285,1,0.00,0
220,0.252,1,0.00,0
221,0.224,1,0.00,0
222,0.242,1,0.00,0
223,0.210,1,0.00,0
224,0.270,1,0.00,0
225,0.214,1,0.00,0
226,0.252,1,0.00,0
227,0.196,1,0.00,0
228,0.252,1,0.00,0
229,0.232,1,0.00,0
230,0.273,1,0.00,0
231,0.238,1,0.00,0
232,0.221,1,0.00,0
233,0.261,1,0.00,0
234,0.265,1,0.00,0
235,0.214,1,0.00,0
236,0.191,1,0.00,0
237,0.264,1,0.00,0
238,0.194,1,0.00,0
239,0.204,1,0.00,0
240,0.210,1,0.00,0
241,0.218,1,0.00,0
242,0.213,1,0.00,0
243,0.225,1,0.00,0
244,0.195,1,0.00,0
245,0.218,1,0.00,0
246,0.207,1,0.00,0
247,0.221,1,0.00,0
248,0.218,1,0.00,0
249,0.194,1,0.00,0
250,0.221,1,0.00,0
251,0.213,1,0.00,0
252,0.212,1,0.00,0
253,0.194,1,0.00,0
254,0.232,1,0.00,0
255,0.191,1,0.00,0
256,0.242,1,0.00,0
257,0.232,1,0.00,0
258,0.232,1,0.00,0
259,0.219,1,0.00,0
260,0.216,1,0.00,0
261,0.227,1,0.00,0
262,0.184,1,0.00,0
263,0.229,1,0.00,0
264,0.176,1,0.00,0
265,0.218,1,0.00,0
266,0.175,1,0.00,0
267,0.176,1,0.00,0
268,0.191,1,0.00,0
269,0.199,1,0.00,0
270,0.203,1,0.00,0
271,0.220,1,0.00,0
272,0.194,1,0.00,0
273,0.213,1,0.00,0
274,0.213,1,0.00,0
275,0.194,1,0.00,0
276,0.232,1,0.00,0
277,0.232,1,0.00,0
278,0.232,1,0.00,0
279,0.248,1,0.00,0
280,0.216,1,0.00,0
281,0.251,1,0.00,0
282,0.229,1,0.00,0
283,0.207,1,0.00,0
284,0.232,1,0.00,0
285,0.191,1,0.00,0
286,0.210,1,0.00,0
287,0.227,1,0.00,0
288,0.210,1,0.00,0
289,0.239,1,0.00,0
290,0.232,1,0.00,0
291,0.251,1,0.00,0
292,0.210,1,0.00,0
293,0.232,1,0.00,0
294,0.213,1,0.00,0
295,0.248,1,0.00,0
296,0.248,1,0.00,0
297,0.232,1,0.00,0
298,0.210,1,0.00,0
299,0.218,1,0.00,0
300,0.232,1,0.00,0
301,0.229,1,0.00,0
302,0.230,1,0.00,0
303,0.236,1,0.00,0
304,0.229,1,0.00,0
305,0.213,1,0.00,0
306,0.223,1,0.00,0
307,0.176,1,0.00,0
308,0.215,1,0.00,0
309,0.248,1,0.00,0
310,0.230,1,0.00,0
311,0.248,1,0.00,0
312,0.224,1,0.00,0
313,0.210,1,0.00,0
314,0.251,1,0.00,0
315,0.229,1,0.00,0
316,0.221,1,0.00,0
317,0.224,1,0.00,0
318,0.221,1,0.00,0
319,0.226,1,0.00,0
320,0.251,1,0.00,0
321,0.204,1,0.00,0
322,0.210,1,0.00,0
323,0.272,1,0.00,0
324,0.255,1,0.00,0
325,0.173,1,0.00,0
326,0.272,1,0.00,0
327,0.237,1,0.00,0
328,0.289,1,0.00,0
329,0.164,1,0.00,0
330,0.221,1,0.00,0
331,0.191,1,0.00,0
332,0.206,1,0.00,0
333,0.234,1,0.00,0
334,0.213,1,0.00,0
335,0.199,1,0.00,0
336,0.251,1,0.00,0
337,0.207,1,0.00,0
338,0.188,1,0.00,0
339,0.210,1,0.00,0
340,0.185,1,0.00,0
341,0.163,1,0.00,0
342,0.203,1,0.00,0
343,0.207,1,0.00,0
344,0.206,1,0.00,0
345,0.213,1,0.00,0
346,0.229,1,0.00,0
347,0.232,1,0.00,0
348,0.229,1,0.00,0
349,0.232,1,0.00,0
350,0.223,1,0.00,0
351,0.175,1,0.00,0
352,0.202,1,0.00,0
353,0.210,1,0.00,0
354,0.202,1,0.00,0
355,0.202,1,0.00,0
356,0.202,1,0.00,0
357,0.199,1,0.00,0
358,0.202,1,0.00,0
359,0.172,1,0.00,0
360,0.211,1,0.00,0
361,0.210,1,0.00,0
362,0.223,1,0.00,0
363,0.198,1,0.00,0
364,0.198,1,0.00,0
365,0.232,1,0.00,0
366,0.212,1,0.00,0
367,0.223,1,0.00,0
368,0.202,1,0.00,0
369,0.232,1,0.00,0
370,0.213,1,0.00,0
371,0.242,1,0.00,0
372,0.223,1,0.00,0
373,0.205,1,0.00,0
374,0.251,1,0.00,0
375,0.221,1,0.00,0
376,0.183,1,0.00,0
377,0.202,1,0.00,0
378,0.242,1,0.00,0
379,0.199,1,0.00,0
380,0.210,1,0.00,0
381,0.205,1,0.00,0
382,0.194,1,0.00,0
383,0.203,1,0.00,0
384,0.248,1,0.00,0
385,0.202,1,0.00,0
386,0.179,1,0.00,0
387,0.226,1,0.00,0
388,0.232,1,0.00,0
389,0.191,1,0.00,0
390,0.220,1,0.00,0
391,0.223,1,0.00,0
392,0.213,1,0.00,0
393,0.203,1,0.00,0
394,0.196,1,0.00,0
395,0.199,1,0.00,0
396,0.176,1,0.00,0
397,0.224,1,0.00,0
398,0.230,1,0.00,0
399,0.203,1,0.00,0
400,0.203,1,0.00,0
401,0.232,1,0.00,0
402,0.232,1,0.00,0
403,0.232,1,0.00,0
404,0.251,1,0.00,0
405,0.196,1,0.00,0
406,0.191,1,0.00,0
407,0.224,1,0.00,0
408,0.229,1,0.00,0
409,0.194,1,0.00,0
410,0.210,1,0.00,0
411,0.203,1,0.00,0
412,0.233,1,0.00,0
413,0.215,1,0.00,0
414,0.210,1,0.00,0
415,0.232,1,0.00,0
416,0.210,1,0.00,0
417,0.178,1,0.00,0
418,0.176,1,0.00,0
419,0.187,1,0.00,0
420,0.213,1,0.00,0
421,0.175,1,0.00,0
422,0.210,1,0.00,0
423,0.184,1,0.00,0
424,0.209,1,0.00,0
425,0.185,1,0.00,0
426,0.183,1,0.00,0
427,0.192,1,0.00,0
428,0.189,1,0.00,0
429,0.205,1,0.00,0
430,0.204,1,0.00,0
431,0.210,1,0.00,0
432,0.189,1,0.00,0
433,0.185,1,0.00,0
434,0.202,1,0.00,0
435,0.194,1,0.00,0
436,0.191,1,0.00,0
437,0.210,1,0.00,0
438,0.209,1,0.00,0
439,0.209,1,0.00,0
440,0.215,1,0.00,0
441,0.215,1,0.00,0
442,0.187,1,0.00,0
443,0.197,1,0.00,0
444,0.208,1,0.00,0
445,0.202,1,0.00,0
446,0.215,1,0.00,0
447,0.210,1,0.00,0
448,0.200,1,0.00,0
449,0.190,1,0.00,0
450,0.241,1,0.00,0
451,0.233,1,0.00,0
452,0.199,1,0.00,0
453,0.221,1,0.00,0
454,0.214,1,0.00,0
455,0.176,1,0.00,0
456,0.232,1,0.00,0
457,0.230,1,0.00,0
458,0.242,1,0.00,0
459,0.194,1,0.00,0
460,0.188,1,0.00,0
461,0.191,1,0.00,0
462,0.213,1,0.00,0
463,0.199,1,0.00,0
464,0.266,1,0.00,0
465,0.210,1,0.00,0
466,0.242,1,0.00,0
467,0.202,1,0.00,0
468,0.242,1,0.00,0
469,0.195,1,0.00,0
470,0.215,1,0.00,0
471,0.171,1,0.00,0
472,0.176,1,0.00,0
473,0.191,1,0.00,0
474,0.176,1,0.00,0
475,0.194,1,0.00,0
476,0.202,1,0.00,0
477,0.185,1,0.00,0
478,0.206,1,0.00,0
479,0.213,1,0.00,0
480,0.175,1,0.00,0
481,0.195,1,0.00,0
482,0.191,1,0.00,0
483,0.229,1,0.00,0
484,0.220,1,0.00,0
485,0.181,1,0.00,0
486,0.195,1,0.00,0
487,0.202,1,0.00,0
488,0.196,1,0.00,0
489,0.214,1,0.00,0
490,0.199,1,0.00,0
491,0.195,1,0.00,0
492,0.204,1,0.00,0
493,0.210,1,0.00,0
494,0.191,1,0.00,0
495,0.195,1,0.00,0
496,0.176,1,0.00,0
497,0.176,1,0.00,0
498,0.176,1,0.00,0
499,0.195,1,0.00,0
500,0.189,1,0.00,0
501,0.208,1,0.00,0
502,0.157,1,0.00,0
503,0.195,1,0.00,0
504,0.176,1,0.00,0
505,0.195,1,0.00,0
506,0.177,1,0.00,0
507,0.192,1,0.00,0
508,0.185,1,0.00,0
509,0.190,1,0.00,0
510,0.196,1,0.00,0
511,0.213,1,0.00,0
512,0.196,1,0.00,0
513,0.157,1,0.00,0
514,0.199,1,0.00,0
515,0.233,1,0.00,0
516,0.189,1,0.00,0
517,0.215,1,0.00,0
518,0.232,1,0.00,0
519,0.197,1,0.00,0
520,0.232,1,0.00,0
521,0.213,1,0.00,0
522,0.229,1,0.00,0
523,0.213,1,0.00,0
524,0.176,1,0.00,0
525,0.232,1,0.00,0
526,0.213,1,0.00,0
527,0.194,1,0.00,0
528,0.210,1,0.00,0
529,0.191,1,0.00,0
530,0.232,1,0.00,0
531,0.206,1,0.00,0
532,0.210,1,0.00,0
533,0.194,1,0.00,0
534,0.213,1,0.00,0
535,0.191,1,0.00,0
536,0.213,1,0.00,0
537,0.191,1,0.00,0
538,0.231,1,0.00,0
539,0.176,1,0.00,0
540,0.195,1,0.00,0
541,0.181,1,0.00,0
542,0.202,1,0.00,0
543,0.194,1,0.00,0
544,0.176,1,0.00,0
545,0.195,1,0.00,0
546,0.194,1,0.00,0
547,0.185,1,0.00,0
548,0.193,1,0.00,0
549,0.233,1,0.00,0
550,0.201,1,0.00,0
551,0.196,1,0.00,0
552,0.194,1,0.00,0
553,0.235,1,0.00,0
554,0.213,1,0.00,0
555,0.214,1,0.00,0
556,0.214,1,0.00,0
557,0.214,1,0.00,0
558,0.214,1,0.00,0
559,0.195,1,0.00,0
560,0.195,1,0.00,0
561,0.189,1,0.00,0
562,0.213,1,0.00,0
563,0.191,1,0.00,0
564,0.191,1,0.00,0
565,0.213,1,0.00,0
566,0.232,1,0.00,0
567,0.252,1,0.00,0
568,0.232,1,0.00,0
569,0.232,1,0.00,0
570,0.212,1,0.00,0
571,0.198,1,0.00,0
572,0.232,1,0.00,0
573,0.234,1,0.00,0
574,0.194,1,0.00,0
575,0.195,1,0.00,0
576,0.232,1,0.00,0
577,0.209,1,0.00,0
578,0.223,1,0.00,0
579,0.205,1,0.00,0
580,0.232,1,0.00,0
581,0.232,1,0.00,0
582,0.210,1,0.00,0
583,0.232,1,0.00,0
584,0.153,1,0.00,0
585,0.195,1,0.00,0
586,0.242,1,0.00,0
587,0.192,1,0.00,0
588,0.210,1,0.00,0
589,0.185,1,0.00,0
590,0.239,1,0.00,0
591,0.196,1,0.00,0
592,0.202,1,0.00,0
593,0.221,1,0.00,0
594,0.196,1,0.00,0
595,0.195,1,0.00,0
596,0.184,1,0.00,0
597,0.191,1,0.00,0
598,0.294,1,0.00,0
599,0.162,1,0.00,0
600,0.164,1,0.00,0
601,0.176,1,0.00,0
602,0.191,1,0.00,0
603,0.224,1,0.00,0
604,0.198,1,0.00,0
605,0.198,1,0.00,0
606,0.152,1,0.00,0
607,0.202,1,0.00,0
608,0.195,1,0.00,0
609,0.213,1,0.00,0
610,0.191,1,0.00,0
611,0.232,1,0.00,0
612,0.208,1,0.00,0
613,0.176,1,0.00,0
614,0.192,1,0.00,0
615,0.232,1,0.00,0
616,0.221,1,0.00,0
617,0.195,1,0.00,0
618,0.199,1,0.00,0
619,0.221,1,0.00,0
620,0.207,1,0.00,0
621,0.192,1,0.00,0
622,0.235,1,0.00,0
623,0.202,1,0.00,0
624,0.242,1,0.00,0
625,0.229,1,0.00,0
626,0.195,1,0.00,0
627,0.177,1,0.00,0
628,0.170,1,0.00,0
629,0.171,1,0.00,0
630,0.192,1,0.00,0
631,0.238,1,0.00,0
632,0.214,1,0.00,0
633,0.193,1,0.00,0
634,0.187,1,0.00,0
635,0.232,1,0.00,0
636,0.232,1,0.00,0
637,0.203,1,0.00,0
638,0.214,1,0.00,0
639,0.232,1,0.00,0
640,0.190,1,0.00,0
641,0.227,1,0.00,0
642,0.191,1,0.00,0
643,0.176,1,0.00,0
644,0.210,1,0.00,0
645,0.232,1,0.00,0
646,0.210,1,0.00,0
647,0.210,1,0.00,0
648,0.232,1,0.00,0
649,0.189,1,0.00,0
650,0.185,1,0.00,0
651,0.215,1,0.00,0
652,0.191,1,0.00,0
653,0.191,1,0.00,0
654,0.213,1,0.00,0
655,0.196,1,0.00,0
656,0.233,1,0.00,0
657,0.199,1,0.00,0
658,0.214,1,0.00,0
659,0.194,1,0.00,0
660,0.172,1,0.00,0
661,0.194,1,0.00,0
662,0.206,1,0.00,0
663,0.236,1,0.00,0
664,0.237,1,0.00,0
665,0.233,1,0.00,0
666,0.213,1,0.00,0
667,0.176,1,0.00,0
668,0.194,1,0.00,0
669,0.232,1,0.00,0
670,0.210,1,0.00,0
671,0.225,1,0.00,0
672,0.177,1,0.00,0
673,0.226,1,0.00,0
674,0.242,1,0.00,0
675,0.224,1,0.00,0
676,0.208,1,0.00,0
677,0.213,1,0.00,0
678,0.199,1,0.00,0
679,0.213,1,0.00,0
680,0.212,1,0.00,0
681,0.205,1,0.00,0
682,0.188,1,0.00,0
683,0.212,1,0.00,0
684,0.194,1,0.00,0
685,0.224,1,0.00,0
686,0.206,1,0.00,0
687,0.203,1,0.00,0
688,0.212,1,0.00,0
689,0.232,1,0.00,0
690,0.229,1,0.00,0
691,0.210,1,0.00,0
692,0.206,1,0.00,0
693,0.204,1,0.00,0
694,0.239,1,0.00,0
695,0.195,1,0.00,0
696,0.210,1,0.00,0
697,0.206,1,0.00,0
698,0.203,1,0.00,0
699,0.192,1,0.00,0
700,0.221,1,0.00,0
701,0.206,1,0.00,0
702,0.233,1,0.00,0
703,0.221,1,0.00,0
704,0.206,1,0.00,0
705,0.229,1,0.00,0
706,0.214,1,0.00,0
707,0.213,1,0.00,0
708,0.224,1,0.00,0
709,0.235,1,0.00,0
710,0.232,1,0.00,0
711,0.213,1,0.00,0
712,0.219,1,0.00,0
713,0.216,1,0.00,0
714,0.213,1,0.00,0
715,0.213,1,0.00,0
716,0.221,1,0.00,0
717,0.205,1,0.00,0
718,0.224,1,0.00,0
719,0.195,1,0.00,0
720,0.212,1,0.00,0
721,0.235,1,0.00,0
722,0.221,1,0.00,0
723,0.187,1,0.00,0
724,0.214,1,0.00,0
725,0.191,1,0.00,0
726,0.224,1,0.00,0
727,0.199,1,0.00,0
728,0.194,1,0.00,0
729,0.176,1,0.00,0
730,0.195,1,0.00,0
731,0.182,1,0.00,0
732,0.224,1,0.00,0
733,0.203,1,0.00,0
734,0.195,1,0.00,0
735,0.213,1,0.00,0
736,0.213,1,0.00,0
737,0.196,1,0.00,0
738,0.210,1,0.00,0
739,0.229,1,0.00,0
740,0.210,1,0.00,0
741,0.194,1,0.00,0
742,0.242,1,0.00,0
743,0.205,1,0.00,0
744,0.220,1,0.00,0
745,0.221,1,0.00,0
746,0.220,1,0.00,0
747,0.251,1,0.00,0
748,0.223,1,0.00,0
749,0.215,1,0.00,0
750,0.194,1,0.00,0
751,0.210,1,0.00,0
752,0.183,1,0.00,0
753,0.176,1,0.00,0
754,0.164,1,0.00,0
755,0.203,1,0.00,0
756,0.195,1,0.00,0
757,0.225,1,0.00,0
758,0.194,1,0.00,0
759,0.203,1,0.00,0
760,0.196,1,0.00,0
761,0.221,1,0.00,0
762,0.202,1,0.00,0
763,0.175,1,0.00,0
764,0.164,1,0.00,0
765,0.194,1,0.00,0
766,0.197,1,0.00,0
767,0.190,1,0.00,0
768,0.214,1,0.00,0
769,0.190,1,0.00,0
770,0.175,1,0.00,0
771,0.183,1,0.00,0
772,0.184,1,0.00,0
773,0.208,1,0.00,0
774,0.194,1,0.00,0
775,0.208,1,0.00,0
776,0.164,1,0.00,0
777,0.215,1,0.00,0
778,0.181,1,0.00,0
779,0.183,1,0.00,0
780,0.187,1,0.00,0
781,0.156,1,0.00,0
782,0.195,1,0.00,0
783,0.170,1,0.00,0
784,0.233,1,0.00,0
785,0.181,1,0.00,0
786,0.195,1,0.00,0
787,0.223,1,0.00,0
788,0.203,1,0.00,0
789,0.203,1,0.00,0
790,0.215,1,0.00,0
791,0.185,1,0.00,0
792,0.213,1,0.00,0
793,0.202,1,0.00,0
794,0.230,1,0.00,0
795,0.249,1,0.00,0
796,0.213,1,0.00,0
797,0.183,1,0.00,0
798,0.206,1,0.00,0
799,0.195,1,0.00,0
800,0.236,1,0.00,0
801,0.232,1,0.00,0
802,0.199,1,0.00,0
803,0.242,1,0.00,0
804,0.218,1,0.00,0
805,0.221,1,0.00,0
806,0.213,1,0.00,0
807,0.229,1,0.00,0
808,0.221,1,0.00,0
809,0.213,1,0.00,0
810,0.213,1,0.00,0
811,0.213,1,0.00,0
812,0.195,1,0.00,0
813,0.218,1,0.00,0
814,0.218,1,0.00,0
815,0.212,1,0.00,0
816,0.221,1,0.00,0
817,0.221,1,0.00,0
818,0.213,1,0.00,0
819,0.199,1,0.00,0
820,0.193,1,0.00,0
821,0.210,1,0.00,0
822,0.213,1,0.00,0
823,0.168,1,0.00,0
824,0.157,1,0.00,0
825,0.164,1,0.00,0
826,0.181,1,0.00,0
827,0.202,1,0.00,0
828,0.188,1,0.00,0
829,0.157,1,0.00,0
830,0.175,1,0.00,0
831,0.176,1,0.00,0
832,0.195,1,0.00,0
833,0.211,1,0.00,0
834,0.199,1,0.00,0
835,0.195,1,0.00,0
836,0.206,1,0.00,0
837,0.201,1,0.00,0
838,0.224,1,0.00,0
839,0.207,1,0.00,0
840,0.213,1,94.52,2
841,0.208,1,94.64,2
842,0.196,1,94.76,2
843,0.210,1,94.76,2
844,0.182,1,94.76,2
845,0.232,1,94.76,2
846,0.193,1,94.76,2
847,0.195,1,94.76,2
848,0.194,1,94.76,2
849,0.192,1,94.76,2
850,0.245,1,94.76,2
851,0.229,1,94.76,2
852,0.165,1,94.76,2
853,0.194,1,94.76,2
854,0.192,1,94.76,2
855,0.224,1,94.76,2
856,0.177,1,94.76,2
857,0.213,1,94.76,2
858,0.228,1,94.76,2
859,0.195,1,94.76,2
860,0.195,1,94.76,2
861,0.199,1,94.76,2
862,0.206,1,94.76,2
863,0.203,1,94.76,2
864,0.205,1,94.76,2
865,0.216,1,94.76,2
866,0.205,1,94.76,2
867,0.181,1,94.76,2
868,0.191,1,94.76,2
869,0.195,1,94.76,2
870,0.213,1,94.76,2
871,0.184,1,94.76,2
872,0.203,1,94.76,2
873,0.194,1,94.76,2
874,0.194,1,94.76,2
875,0.161,1,94.76,2
876,0.213,1,94.76,2
877,0.169,1,94.76,2
878,0.194,1,94.76,2
879,0.195,1,94.76,2
880,0.211,1,94.76,2
881,0.188,1,94.76,2
882,0.175,1,94.76,2
883,0.176,1,94.76,2
884,0.191,1,94.76,2
885,0.191,1,94.76,2
886,0.232,1,94.76,2
887,0.233,1,94.76,2
888,0.152,1,94.76,2
889,0.188,1,94.76,2
890,0.177,1,94.76,2
891,0.216,1,94.76,2
892,0.213,1,94.76,2
893,0.213,1,94.76,2
894,0.233,1,94.76,2
895,0.221,1,94.76,2
896,0.210,1,94.76,2
897,0.191,1,94.88,2
898,0.195,1,95.00,2
899,0.210,1,95.12,2
900,0.224,1,95.24,2
901,0.235,1,95.36,2
902,0.232,1,95.48,2
903,0.202,1,95.60,2
904,0.214,1,95.71,2
905,0.213,1,95.83,2
906,0.194,1,95.95,2
907,0.213,1,96.07,2
908,0.194,1,96.19,2
909,0.205,1,96.31,2
910,0.213,1,96.43,2
911,0.210,1,96.55,2
912,0.229,1,96.67,2
913,0.232,1,96.79,2
914,0.210,1,96.90,2
915,0.196,1,97.02,2
916,0.188,1,97.14,2
917,0.191,1,97.14,2
918,0.211,1,97.14,2
919,0.199,1,97.14,2
920,0.224,1,97.14,2
921,0.194,1,97.26,2
922,0.172,1,97.38,2
923,0.213,1,97.50,2
924,0.193,1,97.62,2
925,0.198,1,97.74,2
926,0.176,1,97.86,2
927,0.211,1,97.98,2
928,0.195,1,98.10,2
929,0.233,1,98.10,2
930,0.214,1,98.10,2
931,0.227,1,98.10,2
932,0.233,1,98.10,2
933,0.194,1,98.10,2
934,0.194,1,98.10,2
935,0.171,1,98.10,2
936,0.233,1,98.10,2
937,0.214,1,98.10,2
938,0.212,1,98.10,2
939,0.195,1,98.10,2
940,0.229,1,98.10,2
941,0.179,1,98.10,2
942,0.194,1,98.10,2
943,0.210,1,98.10,2
944,0.201,1,98.10,2
945,0.208,1,98.10,2
946,0.195,1,98.10,2
947,0.194,1,98.10,2
948,0.175,1,98.10,2
949,0.175,1,98.10,2
950,0.195,1,98.10,2
951,0.181,1,98.10,2
952,0.194,1,98.10,2
953,0.213,1,98.10,2
954,0.196,1,98.10,2
955,0.191,1,98.10,2
956,0.188,1,98.10,2
957,0.190,1,98.10,2
958,0.191,1,98.21,2
959,0.197,1,98.33,2
960,0.195,1,98.45,2
961,0.193,1,98.57,2
962,0.195,1,98.69,2
963,0.181,1,98.81,2
964,0.195,1,98.93,2
965,0.170,1,99.05,2
966,0.174,1,99.17,2
967,0.176,1,99.29,2
968,0.219,1,99.40,2
969,0.176,1,99.40,2
970,0.191,1,99.40,2
971,0.192,1,99.40,2
972,0.170,1,99.40,2
973,0.177,1,99.40,2
974,0.170,1,99.40,2
975,0.176,1,99.40,2
976,0.231,1,99.40,2
977,0.202,1,99.40,2
978,0.168,1,99.40,2
979,0.181,1,99.40,2
980,0.193,1,99.40,2
981,0.196,1,99.40,2
982,0.193,1,99.40,2
983,0.194,1,99.52,2
984,0.214,1,99.64,2
985,0.195,1,99.76,2
986,0.194,1,99.88,2
987,0.210,1,100.00,2
988,0.210,1,100.12,2
989,0.232,1,100.12,2
990,0.209,1,100.12,2
991,0.219,1,100.12,2
992,0.191,1,100.12,2
993,0.218,1,100.12,2
994,0.232,1,100.12,2
995,0.203,1,100.12,2
996,0.229,1,100.12,2
997,0.193,1,100.12,2
998,0.195,1,100.12,2
999,0.213,1,100.12,2
1000,0.210,1,100.12,2
1001,0.219,1,100.12,2
1002,0.229,1,100.12,2
1003,0.195,1,100.12,2
1004,0.257,1,100.12,2
1005,0.231,1,100.12,2
1006,0.192,1,100.12,2
1007,0.198,1,100.12,2
1008,0.171,1,100.12,2
1009,0.144,1,100.12,2
1010,0.143,1,100.12,2
1011,0.205,1,100.12,2
1012,0.195,1,100.12,2
1013,0.177,1,100.12,2
1014,0.195,1,100.12,2
1015,0.189,1,100.12,2
1016,0.143,1,100.12,2
1017,0.164,1,100.12,2
1018,0.195,1,100.12,2
1019,0.160,1,100.12,2
1020,0.195,1,100.12,2
1021,0.199,1,100.12,2
1022,0.221,1,100.12,2
1023,0.232,1,100.12,2
1024,0.208,1,100.12,2
1025,0.195,1,100.12,2
1026,0.195,1,100.12,2
1027,0.228,1,100.12,2
1028,0.212,1,100.12,2
1029,0.235,1,100.12,2
1030,0.186,1,100.12,2
1031,0.235,1,100.12,2
1032,0.213,1,100.12,2
1033,0.188,1,100.12,2
1034,0.175,1,100.12,2
1035,0.230,1,100.12,2
1036,0.213,1,100.12,2
1037,0.195,1,100.12,2
1038,0.235,1,100.12,2
1039,0.175,1,100.12,2
1040,0.204,1,100.12,2
1041,0.232,1,100.12,2
1042,0.210,1,100.12,2
1043,0.176,1,100.12,2
1044,0.198,1,100.12,2
1045,0.175,1,100.12,2
1046,0.172,1,100.12,2
1047,0.225,1,100.12,2
1048,0.193,1,100.12,2
1049,0.190,1,100.12,2
1050,0.193,1,100.12,2
1051,0.212,1,100.12,2
1052,0.215,1,100.12,2
1053,0.213,1,100.12,2
1054,0.156,1,100.12,2
1055,0.235,1,100.12,2
1056,0.212,1,100.12,2
1057,0.215,1,100.12,2
1058,0.198,1,100.12,2
1059,0.202,1,100.12,2
1060,0.214,1,100.12,2
1061,0.176,1,100.12,2
1062,0.216,1,100.12,2
1063,0.204,1,100.12,2
1064,0.169,1,100.12,2
1065,0.188,1,100.12,2
1066,0.174,1,100.12,2
1067,0.194,1,100.12,2
1068,0.231,1,100.12,2
1069,0.183,1,100.12,2
1070,0.211,1,100.12,2
1071,0.242,1,100.12,2
1072,0.229,1,100.12,2
1073,0.212,1,100.12,2
1074,0.169,1,100.12,2
1075,0.231,1,100.12,2
1076,0.212,1,100.12,2
1077,0.203,1,100.12,2
1078,0.190,1,100.12,2
1079,0.214,1,100.12,2
1080,0.234,1,100.12,2
1081,0.247,1,100.12,2
1082,0.194,1,100.12,2
1083,0.201,1,100.12,2
1084,0.195,1,100.12,2
1085,0.203,1,100.12,2
1086,0.219,1,100.12,2
1087,0.180,1,100.12,2
1088,0.157,1,100.12,2
1089,0.195,1,100.12,2
1090,0.171,1,100.12,2
1091,0.184,1,100.12,2
1092,0.191,1,100.12,2
1093,0.176,1,100.12,2
1094,0.198,1,100.12,2
1095,0.190,1,100.12,2
1096,0.214,1,100.12,2
1097,0.191,1,100.12,2
1098,0.187,1,100.12,2
1099,0.208,1,100.12,2
1100,0.213,1,100.12,2
1101,0.195,1,100.12,2
1102,0.231,1,100.12,2
1103,0.202,1,100.12,2
1104,0.223,1,100.12,2
1105,0.232,1,100.12,2
1106,0.187,1,100.12,2
1107,0.242,1,100.12,2
1108,0.194,1,100.12,2
1109,0.175,1,100.12,2
1110,0.232,1,100.12,2
1111,0.210,1,100.12,2
1112,0.166,1,100.12,2
1113,0.176,1,100.12,2
1114,0.154,1,100.12,2
1115,0.176,1,100.12,2
1116,0.155,1,100.12,2
1117,0.164,1,100.12,2
1118,0.175,1,100.12,2
1119,0.173,1,100.12,2
1120,0.152,1,100.12,2
1121,0.164,1,100.12,2
1122,0.152,1,100.12,2
1123,0.186,1,100.12,2
1124,0.209,1,100.12,2
1125,0.198,1,100.12,2
1126,0.170,1,100.12,2
1127,0.183,1,100.12,2
1128,0.212,1,100.12,2
1129,0.231,1,100.12,2
1130,0.181,1,100.12,2
1131,0.182,1,100.12,2
1132,0.156,1,100.12,2
1133,0.161,1,100.12,2
1134,0.157,1,100.12,2
1135,0.205,1,100.12,2
1136,0.204,1,100.12,2
1137,0.206,1,100.12,2
1138,0.188,1,100.12,2
1139,0.188,1,100.12,2
1140,0.231,1,100.12,2
1141,0.195,1,100.12,2
1142,0.195,1,100.12,2
1143,0.190,1,100.12,2
1144,0.195,1,100.12,2
1145,0.217,1,100.12,2
1146,0.189,1,100.12,2
1147,0.172,1,100.12,2
1148,0.174,1,100.12,2
1149,0.193,1,100.12,2
1150,0.196,1,100.12,2
1151,0.196,1,100.12,2
1152,0.157,1,100.12,2
1153,0.156,1,100.12,2
1154,0.157,1,100.12,2
1155,0.179,1,100.12,2
1156,0.157,1,100.12,2
1157,0.174,1,100.12,2
1158,0.177,1,100.12,2
1159,0.220,1,100.12,2
1160,0.196,1,100.12,2
1161,0.192,1,100.12,2
1162,0.199,1,100.12,2
1163,0.195,1,100.12,2
1164,0.185,1,100.12,2
1165,0.232,1,100.12,2
1166,0.219,1,100.12,2
1167,0.201,1,100.12,2
1168,0.209,1,100.12,2
1169,0.198,1,100.12,2
1170,0.235,1,100.12,2
1171,0.176,1,100.12,2
1172,0.189,1,100.12,2
1173,0.254,1,100.12,2
1174,0.194,1,100.12,2
1175,0.230,1,100.12,2
1176,0.232,1,100.12,2
1177,0.207,1,100.12,2
1178,0.174,1,100.12,2
1179,0.202,1,100.12,2
1180,0.188,1,100.12,2
1181,0.221,1,100.12,2
1182,0.199,1,100.12,2
1183,0.206,1,100.12,2
1184,0.202,1,100.12,2
1185,0.214,1,100.12,2
1186,0.218,1,100.12,2
1187,0.179,1,100.12,2
1188,0.180,1,100.12,2
1189,0.212,1,100.12,2
1190,0.151,1,100.12,2
1191,0.191,1,100.12,2
1192,0.216,1,100.12,2
1193,0.213,1,100.12,2
1194,0.201,1,100.12,2
1195,0.186,1,100.12,2
1196,0.181,1,100.12,2
1197,0.199,1,100.12,2
1198,0.204,1,100.12,2
1199,0.178,1,100.12,2
1200,0.205,1,100.12,2
1201,0.202,1,100.12,2
1202,0.185,1,100.12,2
1203,0.198,1,100.12,2
1204,0.195,1,100.12,2
1205,0.198,1,100.12,2
1206,0.183,1,100.12,2
1207,0.194,1,100.12,2
1208,0.183,1,100.12,2
1209,0.174,1,100.12,2
1210,0.176,1,100.12,2
1211,0.204,1,100.12,2
1212,0.179,1,100.12,2
1213,0.199,1,100.12,2
1214,0.194,1,100.12,2
1215,0.189,1,100.12,2
1216,0.223,1,100.12,2
1217,0.179,1,100.12,2
1218,0.209,1,100.12,2
1219,0.176,1,100.12,2
1220,0.210,1,100.12,2
1221,0.179,1,100.12,2
1222,0.188,1,100.12,2
1223,0.199,1,100.12,2
1224,0.187,1,100.12,2
1225,0.201,1,100.12,2
1226,0.185,1,100.12,2
1227,0.202,1,100.12,2
1228,0.195,1,100.12,2
1229,0.201,1,100.12,2
1230,0.184,1,100.12,2
1231,0.198,1,100.12,2
1232,0.198,1,100.12,2
1233,0.212,1,100.12,2
1234,0.207,1,100.12,2
1235,0.174,1,100.12,2
1236,0.198,1,100.12,2
1237,0.176,1,100.12,2
1238,0.183,1,100.12,2
1239,0.209,1,100.12,2
1240,0.196,1,100.12,2
1241,0.195,1,100.12,2
1242,0.180,1,100.12,2
1243,0.221,1,100.12,2
1244,0.138,1,100.12,2
1245,0.163,1,100.12,2
1246,0.145,1,100.12,2
1247,0.168,1,100.12,2
1248,0.195,1,100.12,2
1249,0.162,1,100.12,2
1250,0.210,1,100.12,2
1251,0.218,1,100.12,2
1252,0.181,1,100.12,2
1253,0.162,1,100.12,2
1254,0.172,1,100.12,2
1255,0.176,1,100.12,2
1256,0.179,1,100.12,2
1257,0.153,1,100.12,2
1258,0.181,1,100.12,2
1259,0.138,1,100.12,2
1260,0.194,1,100.12,2
1261,0.138,1,100.12,2
1262,0.142,1,100.12,2
1263,0.184,1,100.12,2
1264,0.183,1,100.12,2
1265,0.176,1,100.12,2
1266,0.232,1,100.12,2
1267,0.168,1,100.12,2
1268,0.161,1,100.12,2
1269,0.132,1,100.12,2
1270,0.299,1,100.12,2
1271,0.227,1,100.12,2
1272,0.272,1,100.12,2
1273,0.245,1,100.12,2
1274,0.293,1,100.12,2
1275,0.154,1,100.12,2
1276,0.168,1,100.12,2
1277,0.167,1,100.12,2
1278,0.225,1,100.12,2
1279,0.168,1,100.12,2
1280,0.231,1,100.12,2
1281,0.159,1,100.12,2
1282,0.203,1,100.12,2
1283,0.173,1,100.12,2
1284,0.201,1,100.12,2
1285,0.193,1,100.12,2
1286,0.180,1,100.12,2
1287,0.225,1,100.12,2
1288,0.208,1,100.12,2
1289,0.207,1,100.12,2
1290,0.212,1,100.12,2
1291,0.163,1,100.12,2
1292,0.203,1,100.12,2
1293,0.178,1,100.12,2
1294,0.185,1,100.12,2
1295,0.161,1,100.12,2
1296,0.169,1,100.12,2
1297,0.201,1,100.12,2
1298,0.225,1,100.12,2
1299,0.193,1,100.12,2
1300,0.231,1,100.12,2
1301,0.162,1,100.12,2
1302,0.242,1,100.12,2
1303,0.196,1,100.12,2
1304,0.281,1,100.12,2
1305,0.152,1,100.12,2
1306,0.209,1,100.12,2
1307,0.187,1,100.12,2
1308,0.215,1,100.12,2
1309,0.235,1,100.12,2
1310,0.212,1,100.12,2
1311,0.232,1,100.12,2
1312,0.232,1,100.12,2
1313,0.207,1,100.12,2
1314,0.176,1,100.12,2
1315,0.198,1,100.12,2
1316,0.192,1,100.12,2
1317,0.244,1,100.12,2
1318,0.202,1,100.12,2
1319,0.215,1,100.12,2
1320,0.217,1,100.12,2
1321,0.212,1,100.12,2
1322,0.195,1,100.12,2
1323,0.234,1,100.12,2
1324,0.212,1,100.12,2
1325,0.167,1,100.12,2
1326,0.212,1,100.12,2
1327,0.235,1,100.12,2
1328,0.215,1,100.12,2
1329,0.220,1,100.12,2
1330,0.172,1,100.12,2
1331,0.212,1,100.12,2
1332,0.231,1,100.12,2
1333,0.174,1,100.12,2
1334,0.215,1,100.12,2
1335,0.164,1,100.12,2
1336,0.164,1,100.12,2
1337,0.169,1,100.12,2
1338,0.157,1,100.12,2
1339,0.194,1,100.12,2
1340,0.176,1,100.12,2
1341,0.210,1,100.12,2
1342,0.239,1,100.12,2
1343,0.231,1,100.12,2
1344,0.209,1,100.12,2
1345,0.219,1,100.12,2
1346,0.195,1,100.12,2
1347,0.215,1,100.12,2
1348,0.195,1,100.12,2
1349,0.163,1,100.12,2
1350,0.224,1,100.12,2
1351,0.174,1,100.12,2
1352,0.191,1,100.12,2
1353,0.210,1,100.12,2
1354,0.202,1,100.12,2
1355,0.163,1,100.12,2
1356,0.176,1,100.12,2
1357,0.210,1,100.12,2
1358,0.205,1,100.12,2
1359,0.255,1,100.12,2
1360,0.195,1,100.12,2
1361,0.219,1,100.12,2
1362,0.243,1,100.12,2
1363,0.240,1,100.12,2
1364,0.241,1,100.12,2
1365,0.255,1,100.12,2
1366,0.201,1,100.12,2
1367,0.207,1,100.12,2
1368,0.201,1,100.12,2
1369,0.225,1,100.12,2
1370,0.236,1,100.12,2
1371,0.215,1,100.12,2
1372,0.214,1,100.12,2
1373,0.194,1,100.12,2
1374,0.195,1,100.12,2
1375,0.184,1,100.12,2
1376,0.195,1,100.12,2
1377,0.177,1,100.12,2
1378,0.232,1,100.12,2
1379,0.205,1,100.12,2
1380,0.205,1,100.12,2
1381,0.157,1,100.12,2
1382,0.207,1,100.12,2
1383,0.223,1,100.12,2
1384,0.211,1,100.12,2
1385,0.178,1,100.12,2
1386,0.191,1,100.12,2
1387,0.187,1,100.12,2
1388,0.231,1,100.12,2
1389,0.184,1,100.12,2
1390,0.194,1,100.12,2
1391,0.233,1,100.12,2
1392,0.195,1,100.12,2
1393,0.255,1,100.12,2
1394,0.243,1,100.12,2
1395,0.262,1,100.12,2
1396,0.209,1,100.12,2
1397,0.226,1,100.12,2
1398,0.209,1,100.12,2
1399,0.232,1,100.12,2
1400,0.232,1,100.12,2
1401,0.232,1,100.12,2
1402,0.230,1,100.12,2
1403,0.232,1,100.12,2
1404,0.207,1,100.12,2
1405,0.226,1,100.12,2
1406,0.209,1,100.12,2
1407,0.255,1,100.12,2
1408,0.212,1,100.12,2
1409,0.212,1,100.12,2
1410,0.190,1,100.12,2
1411,0.191,1,100.12,2
1412,0.220,1,100.12,2
1413,0.190,1,100.12,2
1414,0.176,1,100.12,2
1415,0.180,1,100.12,2
1416,0.195,1,100.12,2
1417,0.195,1,100.12,2
1418,0.180,1,100.12,2
1419,0.194,1,100.12,2
1420,0.180,1,100.12,2
1421,0.206,1,100.12,2
1422,0.235,1,100.12,2
1423,0.230,1,100.12,2
1424,0.190,1,100.12,2
1425,0.193,1,100.12,2
1426,0.232,1,100.12,2
1427,0.213,1,100.12,2
1428,0.211,1,100.12,2
1429,0.226,1,100.12,2
1430,0.206,1,100.12,2
1431,0.188,1,100.12,2
1432,0.213,1,100.12,2
1433,0.194,1,100.12,2
1434,0.169,1,100.12,2
1435,0.245,1,100.12,2
1436,0.235,1,100.12,2
1437,0.245,1,100.12,2
1438,0.213,1,100.12,2
1439,0.232,1,100.12,2
1440,0.207,1,100.12,2
1441,0.206,1,100.12,2
1442,0.214,1,100.12,2
1443,0.202,1,100.12,2
1444,0.193,1,100.12,2
1445,0.213,1,100.12,2
1446,0.193,1,100.12,2
1447,0.202,1,100.12,2
1448,0.189,1,100.12,2
1449,0.195,1,100.12,2
1450,0.168,1,100.12,2
1451,0.203,1,100.12,2
1452,0.319,0,100.00,2
1453,0.162,0,99.88,2
1454,0.234,0,99.76,2
1455,0.180,1,99.76,2
1456,0.156,1,99.76,2
1457,0.153,1,99.76,2
1458,0.170,1,99.76,2
1459,0.203,1,99.76,2
1460,0.157,1,99.76,2
1461,0.234,1,99.76,2
1462,0.153,1,99.76,2
1463,0.176,1,99.76,2
1464,0.176,1,99.76,2
1465,0.199,1,99.76,2
1466,0.152,1,99.76,2
1467,0.175,1,99.76,2
1468,0.153,1,99.76,2
1469,0.184,1,99.76,2
1470,0.176,1,99.76,2
1471,0.194,1,99.76,2
1472,0.208,1,99.76,2
1473,0.213,1,99.76,2
1474,0.187,1,99.76,2
1475,0.203,1,99.76,2
1476,0.242,1,99.76,2
1477,0.227,1,99.76,2
1478,0.251,1,99.76,2
1479,0.224,1,99.76,2
1480,0.250,1,99.76,2
1481,0.249,1,99.76,2
1482,0.249,1,99.76,2
1483,0.242,1,99.76,2
1484,0.213,1,99.76,2
1485,0.232,1,99.76,2
1486,0.233,1,99.76,2
1487,0.215,1,99.76,2
1488,0.242,1,99.76,2
1489,0.233,1,99.76,2
1490,0.260,1,99.76,2
1491,0.221,1,99.76,2
1492,0.217,1,99.76,2
1493,0.220,1,99.76,2
1494,0.210,1,99.76,2
1495,0.181,1,99.76,2
1496,0.232,1,99.76,2
1497,0.194,1,99.76,2
1498,0.164,1,99.76,2
1499,0.207,1,99.76,2
1500,0.186,1,99.76,2
1501,0.232,1,99.76,2
1502,0.202,1,99.76,2
1503,0.194,1,99.76,2
1504,0.202,1,99.76,2
1505,0.214,1,99.76,2
1506,0.195,1,99.76,2
1507,0.193,1,99.76,2
1508,0.242,1,99.76,2
1509,0.232,1,99.76,2
1510,0.211,1,99.76,2
1511,0.231,1,99.76,2
1512,0.252,1,99.76,2
1513,0.230,1,99.76,2
1514,0.230,1,99.76,2
1515,0.230,1,99.76,2
1516,0.233,1,99.76,2
1517,0.272,1,99.76,2
1518,0.230,1,99.76,2
1519,0.271,1,99.76,2
1520,0.277,1,99.76,2
1521,0.251,1,99.76,2
1522,0.312,0,99.64,2
1523,0.248,0,99.52,2
1524,0.245,0,99.40,2
1525,0.248,1,99.40,2
1526,0.314,0,99.29,2
1527,0.282,0,99.17,2
1528,0.263,0,99.05,2
1529,0.248,1,99.05,2
1530,0.268,1,99.05,2
1531,0.282,1,99.05,2
1532,0.261,1,99.05,2
1533,0.280,1,99.05,2
1534,0.241,1,99.05,2
1535,0.233,1,99.05,2
1536,0.219,1,99.05,2
1537,0.230,1,99.05,2
1538,0.230,1,99.05,2
1539,0.232,1,99.05,2
1540,0.248,1,99.05,2
1541,0.233,1,99.05,2
1542,0.230,1,99.05,2
1543,0.211,1,99.05,2
1544,0.214,1,99.05,2
1545,0.211,1,99.05,2
1546,0.231,1,99.05,2
1547,0.230,1,99.05,2
1548,0.262,1,99.05,2
1549,0.214,1,99.05,2
1550,0.261,1,99.05,2
1551,0.240,1,99.05,2
1552,0.283,1,99.05,2
1553,0.220,1,99.05,2
1554,0.190,1,99.05,2
1555,0.243,1,99.05,2
1556,0.262,1,99.05,2
1557,0.230,1,99.05,2
1558,0.207,1,99.05,2
1559,0.241,1,99.05,2
1560,0.232,1,99.05,2
1561,0.230,1,99.05,2
1562,0.221,1,99.05,2
1563,0.226,1,99.05,2
1564,0.251,1,99.05,2
1565,0.251,1,99.05,2
1566,0.273,1,99.05,2
1567,0.248,1,99.05,2
1568,0.253,1,99.05,2
1569,0.230,1,99.05,2
1570,0.228,1,99.05,2
1571,0.253,1,99.05,2
1572,0.245,1,99.05,2
1573,0.215,1,99.05,2
1574,0.211,1,99.05,2
1575,0.230,1,99.05,2
1576,0.207,1,99.05,2
1577,0.251,1,99.05,2
1578,0.210,1,99.05,2
1579,0.251,1,99.05,2
1580,0.272,1,99.05,2
1581,0.210,1,99.05,2
1582,0.250,1,99.05,2
1583,0.191,1,99.05,2
1584,0.248,1,99.05,2
1585,0.211,1,99.05,2
1586,0.229,1,99.05,2
1587,0.255,1,99.05,2
1588,0.186,1,99.05,2
1589,0.227,1,99.05,2
1590,0.248,1,99.05,2
1591,0.227,1,99.05,2
1592,0.191,1,99.05,2
1593,0.248,1,99.05,2
1594,0.248,1,99.05,2
1595,0.268,1,99.05,2
1596,0.269,1,99.05,2
1597,0.270,1,99.05,2
1598,0.248,1,99.05,2
1599,0.240,1,99.05,2
1600,0.223,1,99.05,2
1601,0.246,1,99.05,2
1602,0.274,1,99.05,2
1603,0.251,1,99.05,2
1604,0.232,1,99.05,2
1605,0.211,1,99.05,2
1606,0.211,1,99.05,2
1607,0.243,1,99.05,2
1608,0.222,1,99.05,2
1609,0.248,1,99.05,2
1610,0.223,1,99.05,2
1611,0.205,1,99.05,2
1612,0.251,1,99.05,2
1613,0.251,1,99.05,2
1614,0.250,1,99.05,2
1615,0.214,1,99.05,2
1616,0.248,1,99.05,2
1617,0.227,1,99.05,2
1618,0.267,1,99.05,2
1619,0.248,1,99.05,2
1620,0.272,1,99.05,2
1621,0.227,1,99.05,2
1622,0.232,1,99.05,2
1623,0.251,1,99.05,2
1624,0.232,1,99.05,2
1625,0.211,1,99.05,2
1626,0.219,1,99.05,2
1627,0.223,1,99.05,2
1628,0.272,1,99.05,2
1629,0.223,1,99.05,2
1630,0.245,1,99.05,2
1631,0.215,1,99.05,2
1632,0.184,1,99.05,2
1633,0.219,1,99.05,2
1634,0.202,1,99.05,2
1635,0.251,1,99.05,2
1636,0.243,1,99.05,2
1637,0.229,1,99.05,2
1638,0.221,1,99.05,2
1639,0.211,1,99.05,2
1640,0.231,1,99.05,2
1641,0.251,1,99.05,2
1642,0.250,1,99.05,2
1643,0.207,1,99.05,2
1644,0.211,1,99.05,2
1645,0.229,1,99.05,2
1646,0.248,1,99.05,2
1647,0.291,1,99.05,2
1648,0.207,1,99.05,2
1649,0.221,1,99.05,2
1650,0.231,1,99.05,2
1651,0.227,1,99.05,2
1652,0.270,1,99.05,2
1653,0.227,1,99.05,2
1654,0.251,1,99.05,2
1655,0.227,1,99.05,2
1656,0.232,1,99.05,2
1657,0.228,1,99.05,2
1658,0.253,1,99.05,2
1659,0.247,1,99.05,2
1660,0.230,1,99.05,2
1661,0.232,1,99.05,2
1662,0.251,1,99.05,2
1663,0.251,1,99.05,2
1664,0.190,1,99.05,2
1665,0.237,1,99.05,2
1666,0.241,1,99.05,2
1667,0.213,1,99.05,2
1668,0.232,1,99.05,2
1669,0.231,1,99.05,2
1670,0.230,1,99.05,2
1671,0.232,1,99.05,2
1672,0.234,1,99.05,2
1673,0.232,1,99.05,2
1674,0.250,1,99.05,2
1675,0.226,1,99.05,2
1676,0.240,1,99.05,2
1677,0.238,1,99.05,2
1678,0.233,1,99.05,2
1679,0.253,1,99.05,2
1680,0.238,1,99.05,2
1681,0.241,1,99.05,2
1682,0.240,1,99.05,2
1683,0.253,1,99.05,2
1684,0.239,1,99.05,2
1685,0.285,1,99.05,2
1686,0.229,1,99.05,2
1687,0.242,1,99.05,2
1688,0.251,1,99.05,2
1689,0.272,1,99.05,2
1690,0.272,1,99.05,2
1691,0.272,1,99.05,2
1692,0.242,1,99.05,2
1693,0.291,1,99.05,2
1694,0.242,1,99.05,2
1695,0.261,1,99.05,2
1696,0.273,1,99.05,2
1697,0.229,1,99.05,2
1698,0.235,1,99.05,2
1699,0.239,1,99.05,2
1700,0.248,1,99.05,2
1701,0.242,1,99.05,2
1702,0.218,1,99.05,2
1703,0.220,1,99.05,2
1704,0.221,1,99.05,2
1705,0.199,1,99.05,2
1706,0.217,1,99.05,2
1707,0.176,1,99.05,2
1708,0.177,1,99.05,2
1709,0.164,1,99.05,2
1710,0.165,1,99.05,2
1711,0.168,1,99.05,2
1712,0.178,1,99.05,2
1713,0.172,1,99.05,2
1714,0.185,1,99.05,2
1715,0.178,1,99.05,2
1716,0.210,1,99.05,2
1717,0.172,1,99.05,2
1718,0.184,1,99.05,2
1719,0.172,1,99.05,2
1720,0.211,1,99.05,2
1721,0.192,1,99.05,2
1722,0.192,1,99.05,2
1723,0.221,1,99.05,2
1724,0.195,1,99.05,2
1725,0.226,1,99.05,2
1726,0.213,1,99.05,2
1727,0.221,1,99.05,2
1728,0.235,1,99.05,2
1729,0.245,1,99.05,2
1730,0.233,1,99.05,2
1731,0.190,1,99.05,2
1732,0.214,1,99.05,2
1733,0.243,1,99.05,2
1734,0.201,1,99.05,2
1735,0.203,1,99.05,2
1736,0.202,1,99.05,2
1737,0.241,1,99.05,2
1738,0.242,1,99.05,2
1739,0.242,1,99.05,2
1740,0.223,1,99.05,2
1741,0.207,1,99.05,2
1742,0.195,1,99.05,2
1743,0.210,1,99.05,2
1744,0.223,1,99.05,2
1745,0.243,1,99.05,2
1746,0.231,1,99.05,2
1747,0.209,1,99.05,2
1748,0.190,1,99.05,2
1749,0.193,1,99.05,2
1750,0.235,1,99.05,2
1751,0.245,1,99.05,2
1752,0.242,1,99.05,2
1753,0.232,1,99.05,2
1754,0.185,1,99.05,2
1755,0.222,1,99.05,2
1756,0.203,1,99.05,2
1757,0.172,1,99.05,2
1758,0.223,1,99.05,2
1759,0.242,1,99.05,2
1760,0.196,1,99.05,2
1761,0.240,1,99.05,2
1762,0.233,1,99.05,2
1763,0.223,1,99.05,2
1764,0.201,1,99.05,2
1765,0.242,1,99.05,2
1766,0.172,1,99.05,2
1767,0.213,1,99.05,2
1768,0.212,1,99.05,2
1769,0.202,1,99.05,2
1770,0.251,1,99.05,2
1771,0.220,1,99.05,2
1772,0.223,1,99.05,2
1773,0.234,1,99.05,2
1774,0.215,1,99.05,2
1775,0.270,1,99.05,2
1776,0.242,1,99.05,2
1777,0.242,1,99.05,2
1778,0.232,1,99.05,2
1779,0.214,1,99.05,2
1780,0.235,1,99.05,2
1781,0.251,1,99.05,2
1782,0.240,1,99.05,2
1783,0.239,1,99.05,2
1784,0.177,1,99.05,2
1785,0.219,1,99.05,2
1786,0.251,1,99.05,2
1787,0.185,1,99.05,2
1788,0.184,1,99.05,2
1789,0.157,1,99.05,2
1790,0.184,1,99.05,2
1791,0.187,1,99.05,2
1792,0.147,1,99.05,2
1793,0.180,1,99.05,2
1794,0.211,1,99.05,2
1795,0.183,1,99.05,2
1796,0.162,1,99.05,2
1797,0.203,1,99.05,2
1798,0.213,1,99.05,2
1799,0.202,1,99.05,2
1800,0.194,1,99.05,2
1801,0.162,1,99.05,2
1802,0.188,1,99.05,2
1803,0.215,1,99.05,2
1804,0.206,1,99.05,2
1805,0.218,1,99.05,2
1806,0.188,1,99.05,2
1807,0.189,1,99.05,2
1808,0.244,1,99.05,2
1809,0.184,1,99.05,2
1810,0.213,1,99.05,2
1811,0.181,1,99.05,2
1812,0.186,1,99.05,2
1813,0.211,1,99.05,2
1814,0.193,1,99.05,2
1815,0.185,1,99.05,2
1816,0.175,1,99.05,2
1817,0.183,1,99.05,2
1818,0.194,1,99.05,2
1819,0.193,1,99.05,2
1820,0.196,1,99.05,2
1821,0.202,1,99.05,2
1822,0.247,1,99.05,2
1823,0.213,1,99.05,2
1824,0.192,1,99.05,2
1825,0.215,1,99.05,2
1826,0.176,1,99.05,2
1827,0.173,1,99.05,2
1828,0.199,1,99.05,2
1829,0.176,1,99.05,2
1830,0.152,1,99.05,2
1831,0.213,1,99.05,2
1832,0.182,1,99.05,2
1833,0.176,1,99.05,2
1834,0.187,1,99.05,2
1835,0.151,1,99.05,2
1836,0.157,1,99.05,2
1837,0.153,1,99.05,2
1838,0.189,1,99.05,2
1839,0.176,1,99.05,2
1840,0.214,1,99.05,2
1841,0.182,1,99.05,2
1842,0.196,1,99.05,2
1843,0.176,1,99.05,2
1844,0.176,1,99.05,2
1845,0.187,1,99.05,2
1846,0.205,1,99.05,2
1847,0.172,1,99.05,2
1848,0.195,1,99.05,2
1849,0.176,1,99.05,2
1850,0.191,1,99.05,2
1851,0.195,1,99.05,2
1852,0.233,1,99.05,2
1853,0.187,1,99.05,2
1854,0.192,1,99.05,2
1855,0.209,1,99.05,2
1856,0.211,1,99.05,2
1857,0.213,1,99.05,2
1858,0.214,1,99.05,2
1859,0.181,1,99.05,2
1860,0.195,1,99.05,2
1861,0.192,1,99.05,2
1862,0.194,1,99.05,2
1863,0.230,1,99.05,2
1864,0.210,1,99.05,2
1865,0.199,1,99.05,2
1866,0.232,1,99.05,2
1867,0.179,1,99.05,2
1868,0.177,1,99.05,2
1869,0.224,1,99.05,2
1870,0.205,1,99.05,2
1871,0.229,1,99.05,2
1872,0.238,1,99.05,2
1873,0.210,1,99.05,2
1874,0.250,1,99.05,2
1875,0.212,1,99.05,2
1876,0.231,1,99.05,2
1877,0.232,1,99.05,2
1878,0.233,1,99.05,2
1879,0.206,1,99.05,2
1880,0.233,1,99.05,2
1881,0.251,1,99.05,2
1882,0.176,1,99.05,2
1883,0.235,1,99.05,2
1884,0.213,1,99.05,2
1885,0.195,1,99.05,2
1886,0.199,1,99.05,2
1887,0.231,1,99.05,2
1888,0.233,1,99.05,2
1889,0.191,1,99.05,2
1890,0.232,1,99.05,2
1891,0.212,1,99.05,2
1892,0.195,1,99.05,2
1893,0.213,1,99.05,2
1894,0.170,1,99.05,2
1895,0.183,1,99.05,2
1896,0.194,1,99.05,2
1897,0.139,1,99.05,2
1898,0.187,1,99.05,2
1899,0.278,1,99.05,2
1900,0.319,0,98.93,2
1901,0.236,0,98.81,2
1902,0.153,0,98.69,2
1903,0.251,1,98.69,2
1904,0.195,1,98.69,2
1905,0.177,1,98.69,2
1906,0.127,1,98.69,2
1907,0.153,1,98.69,2
1908,0.181,1,98.69,2
1909,0.203,1,98.69,2
1910,0.171,1,98.69,2
1911,0.168,1,98.69,2
1912,0.224,1,98.69,2
1913,0.146,1,98.69,2
1914,0.152,1,98.69,2
1915,0.141,1,98.69,2
1916,0.136,1,98.69,2
1917,0.152,1,98.69,2
1918,0.172,1,98.69,2
1919,0.152,1,98.69,2
1920,0.122,1,98.69,2
1921,0.134,1,98.69,2
1922,0.133,1,98.69,2
1923,0.145,1,98.69,2
1924,0.161,1,98.69,2
1925,0.161,1,98.69,2
1926,0.122,1,98.69,2
1927,0.176,1,98.69,2
1928,0.179,1,98.69,2
1929,0.133,1,98.69,2
1930,0.161,1,98.69,2
1931,0.156,1,98.69,2
1932,0.157,1,98.69,2
1933,0.157,1,98.69,2
1934,0.133,1,98.69,2
1935,0.174,1,98.69,2
1936,0.157,1,98.69,2
1937,0.103,1,98.69,2
1938,0.157,1,98.69,2
1939,0.142,1,98.69,2
1940,0.157,1,98.69,2
1941,0.142,1,98.69,2
1942,0.142,1,98.69,2
1943,0.194,1,98.69,2
1944,0.142,1,98.69,2
1945,0.184,1,98.69,2
1946,0.176,1,98.69,2
1947,0.142,1,98.69,2
1948,0.167,1,98.69,2
1949,0.168,1,98.69,2
1950,0.203,1,98.69,2
1951,0.161,1,98.69,2
1952,0.163,1,98.69,2
1953,0.115,1,98.69,2
1954,0.164,1,98.69,2
1955,0.192,1,98.69,2
1956,0.200,1,98.69,2
1957,0.217,1,98.69,2
1958,0.195,1,98.69,2
1959,0.177,1,98.69,2
1960,0.164,1,98.69,2
1961,0.196,1,98.69,2
1962,0.237,1,98.69,2
1963,0.222,1,98.69,2
1964,0.185,1,98.69,2
1965,0.158,1,98.69,2
1966,0.203,1,98.69,2
1967,0.212,1,98.69,2
1968,0.232,1,98.69,2
1969,0.192,1,98.69,2
1970,0.198,1,98.69,2
1971,0.195,1,98.69,2
1972,0.214,1,98.69,2
1973,0.216,1,98.69,2
1974,0.184,1,98.69,2
1975,0.210,1,98.69,2
1976,0.195,1,98.69,2
1977,0.193,1,98.69,2
1978,0.191,1,98.69,2
1979,0.195,1,98.69,2
1980,0.188,1,98.69,2
1981,0.210,1,98.69,2
1982,0.232,1,98.69,2
1983,0.213,1,98.69,2
1984,0.203,1,98.69,2
1985,0.205,1,98.69,2
1986,0.241,1,98.69,2
1987,0.177,1,98.69,2
1988,0.164,1,98.69,2
1989,0.205,1,98.69,2
1990,0.190,1,98.69,2
1991,0.215,1,98.69,2
1992,0.214,1,98.69,2
1993,0.191,1,98.69,2
1994,0.189,1,98.69,2
1995,0.232,1,98.69,2
1996,0.213,1,98.69,2
1997,0.211,1,98.69,2
1998,0.187,1,98.69,2
1999,0.185,1,98.69,2
2000,0.210,1,98.69,2
2001,0.194,1,98.69,2
2002,0.232,1,98.69,2
2003,0.176,1,98.69,2
2004,0.210,1,98.69,2
2005,0.170,1,98.69,2
2006,0.221,1,98.69,2
2007,0.203,1,98.69,2
2008,0.195,1,98.69,2
2009,0.176,1,98.69,2
2010,0.193,1,98.69,2
2011,0.203,1,98.69,2
2012,0.195,1,98.69,2
2013,0.213,1,98.69,2
2014,0.179,1,98.69,2
2015,0.214,1,98.69,2
2016,0.224,1,98.69,2
2017,0.204,1,98.69,2
2018,0.223,1,98.69,2
2019,0.180,1,98.69,2
2020,0.233,1,98.69,2
2021,0.180,1,98.69,2
2022,0.201,1,98.69,2
2023,0.232,1,98.69,2
2024,0.207,1,98.69,2
2025,0.210,1,98.69,2
2026,0.213,1,98.69,2
2027,0.223,1,98.69,2
2028,0.205,1,98.69,2
2029,0.172,1,98.69,2
2030,0.187,1,98.69,2
2031,0.185,1,98.69,2
2032,0.192,1,98.69,2
2033,0.189,1,98.69,2
2034,0.213,1,98.69,2
2035,0.241,1,98.69,2
2036,0.195,1,98.69,2
2037,0.184,1,98.69,2
2038,0.183,1,98.69,2
2039,0.229,1,98.69,2
2040,0.165,1,98.69,2
2041,0.196,1,98.69,2
2042,0.166,1,98.69,2
2043,0.185,1,98.69,2
2044,0.190,1,98.69,2
2045,0.204,1,98.69,2
2046,0.193,1,98.69,2
2047,0.203,1,98.69,2
2048,0.195,1,98.69,2
2049,0.207,1,98.69,2
2050,0.213,1,98.69,2
2051,0.192,1,98.69,2
2052,0.206,1,98.69,2
2053,0.176,1,98.69,2
2054,0.192,1,98.69,2
2055,0.198,1,98.69,2
2056,0.179,1,98.69,2
2057,0.235,1,98.69,2
2058,0.229,1,98.69,2
2059,0.183,1,98.69,2
2060,0.176,1,98.69,2
2061,0.174,1,98.69,2
2062,0.164,1,98.69,2
2063,0.209,1,98.69,2
2064,0.176,1,98.69,2
2065,0.248,1,98.69,2
2066,0.176,1,98.69,2
2067,0.177,1,98.69,2
2068,0.166,1,98.69,2
2069,0.171,1,98.69,2
2070,0.200,1,98.69,2
2071,0.248,1,98.69,2
2072,0.138,1,98.69,2
2073,0.133,1,98.69,2
2074,0.193,1,98.69,2
2075,0.212,1,98.69,2
2076,0.232,1,98.69,2
2077,0.176,1,98.69,2
2078,0.199,1,98.69,2
2079,0.176,1,98.69,2
2080,0.184,1,98.69,2
2081,0.176,1,98.69,2
2082,0.187,1,98.69,2
2083,0.193,1,98.69,2
2084,0.222,1,98.69,2
2085,0.174,1,98.69,2
2086,0.195,1,98.69,2
2087,0.191,1,98.69,2
2088,0.157,1,98.69,2
2089,0.193,1,98.69,2
2090,0.171,1,98.69,2
2091,0.216,1,98.69,2
2092,0.212,1,98.69,2
2093,0.195,1,98.69,2
2094,0.162,1,98.69,2
2095,0.176,1,98.69,2
2096,0.195,1,98.69,2
2097,0.181,1,98.69,2
2098,0.207,1,98.69,2
2099,0.180,1,98.69,2
2100,0.183,1,98.69,2
2101,0.245,1,98.69,2
2102,0.187,1,98.69,2
2103,0.194,1,98.69,2
2104,0.213,1,98.69,2
2105,0.215,1,98.69,2
2106,0.212,1,98.69,2
2107,0.180,1,98.69,2
2108,0.155,1,98.69,2
2109,0.119,1,98.69,2
2110,0.235,1,98.69,2
2111,0.175,1,98.69,2
2112,0.171,1,98.69,2
2113,0.163,1,98.69,2
2114,0.174,1,98.69,2
2115,0.180,1,98.69,2
2116,0.183,1,98.69,2
2117,0.183,1,98.69,2
2118,0.167,1,98.69,2
2119,0.216,1,98.69,2
2120,0.198,1,98.69,2
2121,0.185,1,98.69,2
2122,0.162,1,98.69,2
2123,0.210,1,98.69,2
2124,0.180,1,98.69,2
2125,0.179,1,98.69,2
2126,0.210,1,98.69,2
2127,0.147,1,98.69,2
2128,0.176,1,98.69,2
2129,0.176,1,98.69,2
2130,0.228,1,98.69,2
2131,0.215,1,98.69,2
2132,0.193,1,98.69,2
2133,0.189,1,98.69,2
2134,0.210,1,98.69,2
2135,0.222,1,98.69,2
2136,0.215,1,98.69,2
2137,0.214,1,98.69,2
2138,0.196,1,98.69,2
2139,0.193,1,98.69,2
2140,0.186,1,98.69,2
2141,0.176,1,98.69,2
2142,0.187,1,98.69,2
2143,0.184,1,98.69,2
2144,0.209,1,98.69,2
2145,0.236,1,98.69,2
2146,0.138,1,98.69,2
2147,0.288,1,98.69,2
2148,0.321,0,98.57,2
2149,0.138,0,98.45,2
2150,0.284,0,98.33,2
2151,0.122,1,98.33,2
2152,0.156,1,98.33,2
2153,0.134,1,98.33,2
2154,0.145,1,98.33,2
2155,0.115,1,98.33,2
2156,0.143,1,98.33,2
2157,0.139,1,98.33,2
2158,0.215,1,98.33,2
2159,0.168,1,98.33,2
2160,0.180,1,98.33,2
2161,0.157,1,98.33,2
2162,0.173,1,98.33,2
2163,0.161,1,98.33,2
2164,0.202,1,98.33,2
2165,0.179,1,98.33,2
2166,0.138,1,98.33,2
2167,0.212,1,98.33,2
2168,0.172,1,98.33,2
2169,0.193,1,98.33,2
2170,0.183,1,98.33,2
2171,0.158,1,98.33,2
2172,0.195,1,98.33,2
2173,0.172,1,98.33,2
2174,0.152,1,98.33,2
2175,0.142,1,98.33,2
2176,0.161,1,98.33,2
2177,0.159,1,98.33,2
2178,0.163,1,98.33,2
2179,0.199,1,98.33,2
2180,0.152,1,98.33,2
2181,0.176,1,98.33,2
2182,0.160,1,98.33,2
2183,0.198,1,98.33,2
2184,0.217,1,98.33,2
2185,0.155,1,98.33,2
2186,0.145,1,98.33,2
2187,0.161,1,98.33,2
2188,0.161,1,98.33,2
2189,0.210,1,98.33,2
2190,0.210,1,98.33,2
2191,0.176,1,98.33,2
2192,0.214,1,98.33,2
2193,0.202,1,98.33,2
2194,0.174,1,98.33,2
2195,0.152,1,98.33,2
2196,0.180,1,98.33,2
2197,0.174,1,98.33,2
2198,0.164,1,98.33,2
2199,0.162,1,98.33,2
2200,0.157,1,98.33,2
2201,0.182,1,98.33,2
2202,0.194,1,98.33,2
2203,0.206,1,98.33,2
2204,0.174,1,98.33,2
2205,0.162,1,98.33,2
2206,0.156,1,98.33,2
2207,0.186,1,98.33,2
2208,0.157,1,98.33,2
2209,0.172,1,98.33,2
2210,0.182,1,98.33,2
2211,0.189,1,98.33,2
2212,0.193,1,98.33,2
2213,0.186,1,98.33,2
2214,0.157,1,98.33,2
2215,0.152,1,98.33,2
2216,0.161,1,98.33,2
2217,0.172,1,98.33,2
2218,0.169,1,98.33,2
2219,0.187,1,98.33,2
2220,0.170,1,98.33,2
2221,0.180,1,98.33,2
2222,0.183,1,98.33,2
2223,0.162,1,98.33,2
2224,0.199,1,98.33,2
2225,0.153,1,98.33,2
2226,0.215,1,98.33,2
2227,0.205,1,98.33,2
2228,0.168,1,98.33,2
2229,0.187,1,98.33,2
2230,0.158,1,98.33,2
2231,0.184,1,98.33,2
2232,0.163,1,98.33,2
2233,0.207,1,98.33,2
2234,0.157,1,98.33,2
2235,0.169,1,98.33,2
2236,0.228,1,98.33,2
2237,0.221,1,98.33,2
2238,0.193,1,98.33,2
2239,0.168,1,98.33,2
2240,0.210,1,98.33,2
2241,0.163,1,98.33,2
2242,0.173,1,98.33,2
2243,0.156,1,98.33,2
2244,0.166,1,98.33,2
2245,0.183,1,98.33,2
2246,0.145,1,98.33,2
2247,0.203,1,98.33,2
2248,0.157,1,98.33,2
2249,0.174,1,98.33,2
2250,0.206,1,98.33,2
2251,0.161,1,98.33,2
2252,0.163,1,98.33,2
2253,0.177,1,98.33,2
2254,0.183,1,98.33,2
2255,0.176,1,98.33,2
2256,0.204,1,98.33,2
2257,0.201,1,98.33,2
2258,0.165,1,98.33,2
2259,0.149,1,98.33,2
2260,0.225,1,98.33,2
2261,0.173,1,98.33,2
2262,0.100,1,98.33,2
2263,0.162,1,98.33,2
2264,0.198,1,98.33,2
2265,0.160,1,98.33,2
2266,0.161,1,98.33,2
2267,0.162,1,98.33,2
2268,0.174,1,98.33,2
2269,0.138,1,98.33,2
2270,0.147,1,98.33,2
2271,0.145,1,98.33,2
2272,0.182,1,98.33,2
2273,0.161,1,98.33,2
2274,0.152,1,98.33,2
2275,0.188,1,98.33,2
2276,0.161,1,98.33,2
2277,0.190,1,98.33,2
2278,0.157,1,98.33,2
2279,0.167,1,98.33,2
2280,0.164,1,98.33,2
2281,0.163,1,98.33,2
2282,0.172,1,98.33,2
2283,0.195,1,98.33,2
2284,0.195,1,98.33,2
2285,0.198,1,98.33,2
2286,0.226,1,98.33,2
2287,0.163,1,98.33,2
2288,0.206,1,98.33,2
2289,0.209,1,98.33,2
2290,0.166,1,98.33,2
2291,0.184,1,98.33,2
2292,0.168,1,98.33,2
2293,0.168,1,98.45,2
2294,0.155,1,98.57,2
2295,0.155,1,98.69,2
2296,0.127,1,98.69,2
2297,0.163,1,98.69,2
2298,0.180,1,98.69,2
2299,0.180,1,98.69,2
2300,0.195,1,98.69,2
2301,0.180,1,98.69,2
2302,0.163,1,98.69,2
2303,0.170,1,98.69,2
2304,0.168,1,98.69,2
2305,0.214,1,98.69,2
2306,0.161,1,98.69,2
2307,0.157,1,98.69,2
2308,0.180,1,98.69,2
2309,0.156,1,98.69,2
2310,0.182,1,98.69,2
2311,0.202,1,98.69,2
2312,0.230,1,98.69,2
2313,0.164,1,98.69,2
2314,0.168,1,98.69,2
2315,0.171,1,98.69,2
2316,0.157,1,98.69,2
2317,0.161,1,98.69,2
2318,0.201,1,98.69,2
2319,0.185,1,98.69,2
2320,0.149,1,98.69,2
2321,0.145,1,98.69,2
2322,0.163,1,98.69,2
2323,0.163,1,98.69,2
2324,0.182,1,98.69,2
2325,0.226,1,98.69,2
2326,0.196,1,98.69,2
2327,0.186,1,98.69,2
2328,0.165,1,98.69,2
2329,0.215,1,98.69,2
2330,0.193,1,98.69,2
2331,0.152,1,98.69,2
2332,0.193,1,98.69,2
2333,0.173,1,98.69,2
2334,0.166,1,98.69,2
2335,0.209,1,98.69,2
2336,0.152,1,98.69,2
2337,0.212,1,98.69,2
2338,0.226,1,98.69,2
2339,0.196,1,98.69,2
2340,0.218,1,98.69,2
2341,0.195,1,98.69,2
2342,0.235,1,98.69,2
2343,0.217,1,98.69,2
2344,0.185,1,98.69,2
2345,0.214,1,98.69,2
2346,0.233,1,98.69,2
2347,0.164,1,98.69,2
2348,0.201,1,98.69,2
2349,0.183,1,98.69,2
2350,0.189,1,98.69,2
2351,0.195,1,98.69,2
2352,0.164,1,98.69,2
2353,0.204,1,98.69,2
2354,0.184,1,98.69,2
2355,0.229,1,98.69,2
2356,0.192,1,98.69,2
2357,0.186,1,98.69,2
2358,0.195,1,98.69,2
2359,0.162,1,98.69,2
2360,0.191,1,98.69,2
2361,0.178,1,98.69,2
2362,0.165,1,98.69,2
2363,0.234,1,98.81,2
2364,0.215,1,98.93,2
2365,0.214,1,99.05,2
2366,0.231,1,99.05,2
2367,0.192,1,99.17,2
2368,0.185,1,99.29,2
2369,0.185,1,99.40,2
2370,0.210,1,99.40,2
2371,0.205,1,99.40,2
2372,0.211,1,99.40,2
2373,0.210,1,99.40,2
2374,0.242,1,99.40,2
2375,0.205,1,99.40,2
2376,0.255,1,99.40,2
2377,0.207,1,99.40,2
2378,0.205,1,99.40,2
2379,0.251,1,99.40,2
2380,0.207,1,99.40,2
2381,0.227,1,99.40,2
2382,0.223,1,99.40,2
2383,0.183,1,99.40,2
2384,0.204,1,99.40,2
2385,0.214,1,99.40,2
2386,0.199,1,99.40,2
2387,0.229,1,99.40,2
2388,0.198,1,99.40,2
2389,0.185,1,99.40,2
2390,0.207,1,99.40,2
2391,0.196,1,99.40,2
2392,0.227,1,99.40,2
2393,0.191,1,99.40,2
2394,0.207,1,99.40,2
2395,0.186,1,99.40,2
2396,0.179,1,99.40,2
2397,0.184,1,99.40,2
2398,0.207,1,99.40,2
2399,0.185,1,99.40,2
2400,0.196,1,99.40,2
2401,0.194,1,99.40,2
2402,0.202,1,99.40,2
2403,0.213,1,99.40,2
2404,0.194,1,99.40,2
2405,0.162,1,99.40,2
2406,0.211,1,99.40,2
2407,0.207,1,99.40,2
2408,0.239,1,99.40,2
2409,0.205,1,99.40,2
2410,0.203,1,99.40,2
2411,0.168,1,99.40,2
2412,0.167,1,99.40,2
2413,0.188,1,99.40,2
2414,0.194,1,99.40,2
2415,0.202,1,99.40,2
2416,0.176,1,99.40,2
2417,0.146,1,99.40,2
2418,0.186,1,99.40,2
2419,0.178,1,99.40,2
2420,0.171,1,99.40,2
2421,0.191,1,99.40,2
2422,0.185,1,99.40,2
2423,0.194,1,99.40,2
2424,0.205,1,99.40,2
2425,0.207,1,99.40,2
2426,0.195,1,99.40,2
2427,0.164,1,99.40,2
2428,0.232,1,99.40,2
2429,0.227,1,99.40,2
2430,0.255,1,99.40,2
2431,0.225,1,99.40,2
2432,0.207,1,99.40,2
2433,0.215,1,99.40,2
2434,0.164,1,99.40,2
2435,0.215,1,99.40,2
2436,0.180,1,99.40,2
2437,0.194,1,99.40,2
2438,0.164,1,99.40,2
2439,0.164,1,99.40,2
2440,0.192,1,99.40,2
2441,0.152,1,99.40,2
2442,0.185,1,99.40,2
2443,0.207,1,99.40,2
2444,0.203,1,99.40,2
2445,0.215,1,99.40,2
2446,0.215,1,99.40,2
2447,0.167,1,99.40,2
2448,0.144,1,99.40,2
2449,0.173,1,99.40,2
2450,0.183,1,99.40,2
2451,0.173,1,99.40,2
2452,0.169,1,99.40,2
2453,0.185,1,99.40,2
2454,0.181,1,99.40,2
2455,0.173,1,99.40,2
2456,0.201,1,99.40,2
2457,0.220,1,99.40,2
2458,0.216,1,99.40,2
2459,0.216,1,99.40,2
2460,0.233,1,99.40,2
2461,0.225,1,99.40,2
2462,0.210,1,99.40,2
2463,0.224,1,99.40,2
2464,0.210,1,99.40,2
2465,0.196,1,99.40,2
2466,0.211,1,99.40,2
2467,0.195,1,99.40,2
2468,0.235,1,99.40,2
2469,0.191,1,99.40,2
2470,0.224,1,99.40,2
2471,0.199,1,99.40,2
2472,0.216,1,99.40,2
2473,0.182,1,99.40,2
2474,0.187,1,99.40,2
2475,0.143,1,99.40,2
2476,0.183,1,99.40,2
2477,0.170,1,99.40,2
2478,0.082,1,99.40,2
2479,0.287,1,99.40,2
2480,0.163,1,99.40,2
2481,0.159,1,99.40,2
2482,0.166,1,99.40,2
2483,0.132,1,99.40,2
2484,0.172,1,99.40,2
2485,0.185,1,99.40,2
2486,0.215,1,99.40,2
2487,0.186,1,99.40,2
2488,0.214,1,99.40,2
2489,0.175,1,99.40,2
2490,0.186,1,99.40,2
2491,0.203,1,99.40,2
2492,0.194,1,99.40,2
2493,0.231,1,99.40,2
2494,0.253,1,99.40,2
2495,0.207,1,99.40,2
2496,0.205,1,99.40,2
2497,0.228,1,99.40,2
2498,0.216,1,99.40,2
2499,0.211,1,99.40,2
2500,0.211,1,99.40,2
2501,0.184,1,99.40,2
2502,0.242,1,99.40,2
2503,0.211,1,99.40,2
2504,0.213,1,99.40,2
2505,0.232,1,99.40,2
2506,0.211,1,99.40,2
2507,0.186,1,99.40,2
2508,0.172,1,99.40,2
2509,0.198,1,99.40,2
2510,0.187,1,99.40,2
2511,0.189,1,99.40,2
2512,0.204,1,99.40,2
2513,0.193,1,99.40,2
2514,0.186,1,99.40,2
2515,0.184,1,99.40,2
2516,0.186,1,99.40,2
2517,0.215,1,99.40,2
2518,0.208,1,99.40,2
2519,0.207,1,99.40,2
2520,0.227,1,99.40,2
2521,0.232,1,99.40,2
2522,0.208,1,99.40,2
2523,0.207,1,99.40,2
2524,0.202,1,99.40,2
2525,0.207,1,99.40,2
2526,0.227,1,99.40,2
2527,0.211,1,99.40,2
2528,0.235,1,99.40,2
2529,0.230,1,99.40,2
2530,0.207,1,99.40,2
2531,0.207,1,99.40,2
2532,0.211,1,99.40,2
2533,0.207,1,99.40,2
2534,0.207,1,99.40,2
2535,0.207,1,99.40,2
2536,0.211,1,99.40,2
2537,0.211,1,99.40,2
2538,0.227,1,99.40,2
2539,0.251,1,99.40,2
2540,0.251,1,99.40,2
2541,0.252,1,99.40,2
2542,0.248,1,99.40,2
2543,0.232,1,99.40,2
2544,0.252,1,99.40,2
2545,0.251,1,99.40,2
2546,0.274,1,99.40,2
2547,0.274,1,99.40,2
2548,0.262,1,99.40,2
2549,0.273,1,99.40,2
2550,0.262,1,99.40,2
2551,0.252,1,99.40,2
2552,0.250,1,99.40,2
2553,0.271,1,99.40,2
2554,0.248,1,99.40,2
2555,0.272,1,99.40,2
2556,0.303,0,99.29,2
2557,0.252,0,99.17,2
2558,0.271,0,99.05,2
2559,0.290,1,99.05,2
2560,0.263,1,99.05,2
2561,0.299,1,99.05,2
2562,0.280,1,99.05,2
2563,0.289,1,99.05,2
2564,0.269,1,99.05,2
2565,0.272,1,99.05,2
2566,0.261,1,99.05,2
2567,0.268,1,99.05,2
2568,0.253,1,99.05,2
2569,0.261,1,99.05,2
2570,0.293,1,99.05,2
2571,0.268,1,99.05,2
2572,0.239,1,99.05,2
2573,0.234,1,99.05,2
2574,0.259,1,99.05,2
2575,0.240,1,99.05,2
2576,0.243,1,99.05,2
2577,0.240,1,99.05,2
2578,0.251,1,99.05,2
2579,0.218,1,99.05,2
2580,0.253,1,99.05,2
2581,0.242,1,99.05,2
2582,0.217,1,99.05,2
2583,0.222,1,99.05,2
2584,0.222,1,99.05,2
2585,0.221,1,99.05,2
2586,0.211,1,99.05,2
2587,0.213,1,99.05,2
2588,0.220,1,99.05,2
2589,0.213,1,99.05,2
2590,0.213,1,99.05,2
2591,0.195,1,99.05,2
2592,0.202,1,99.05,2
2593,0.232,1,99.05,2
2594,0.233,1,99.05,2
2595,0.200,1,99.05,2
2596,0.199,1,99.05,2
2597,0.195,1,99.05,2
2598,0.187,1,99.05,2
2599,0.227,1,99.05,2
2600,0.234,1,99.05,2
2601,0.186,1,99.05,2
2602,0.223,1,99.05,2
2603,0.229,1,99.05,2
2604,0.232,1,99.05,2
2605,0.237,1,99.05,2
2606,0.225,1,99.05,2
2607,0.210,1,99.05,2
2608,0.202,1,99.05,2
2609,0.207,1,99.05,2
2610,0.192,1,99.05,2
2611,0.202,1,99.05,2
2612,0.183,1,99.05,2
2613,0.211,1,99.05,2
2614,0.196,1,99.05,2
2615,0.211,1,99.05,2
2616,0.195,1,99.05,2
2617,0.195,1,99.05,2
2618,0.206,1,99.05,2
2619,0.210,1,99.05,2
2620,0.217,1,99.05,2
2621,0.175,1,99.05,2
2622,0.187,1,99.05,2
2623,0.208,1,99.05,2
2624,0.189,1,99.05,2
2625,0.240,1,99.05,2
2626,0.253,1,99.05,2
2627,0.242,1,99.05,2
2628,0.295,1,99.05,2
2629,0.262,1,99.05,2
2630,0.213,1,99.05,2
2631,0.253,1,99.05,2
2632,0.248,1,99.05,2
2633,0.227,1,99.05,2
2634,0.194,1,99.05,2
2635,0.214,1,99.05,2
2636,0.195,1,99.05,2
2637,0.185,1,99.05,2
2638,0.186,1,99.05,2
2639,0.230,1,99.05,2
2640,0.189,1,99.05,2
2641,0.183,1,99.05,2
2642,0.191,1,99.05,2
2643,0.184,1,99.05,2
2644,0.232,1,99.05,2
2645,0.250,1,99.05,2
2646,0.193,1,99.05,2
2647,0.194,1,99.05,2
2648,0.232,1,99.05,2
2649,0.213,1,99.05,2
2650,0.204,1,99.05,2
2651,0.176,1,99.05,2
2652,0.165,1,99.05,2
2653,0.207,1,99.05,2
2654,0.208,1,99.05,2
2655,0.211,1,99.05,2
2656,0.181,1,99.05,2
2657,0.191,1,99.05,2
2658,0.211,1,99.05,2
2659,0.189,1,99.05,2
2660,0.172,1,99.05,2
2661,0.181,1,99.05,2
2662,0.166,1,99.05,2
2663,0.198,1,99.05,2
2664,0.195,1,99.05,2
2665,0.153,1,99.05,2
2666,0.157,1,99.05,2
2667,0.183,1,99.05,2
2668,0.209,1,99.05,2
2669,0.202,1,99.05,2
2670,0.199,1,99.05,2
2671,0.213,1,99.05,2
2672,0.199,1,99.05,2
2673,0.202,1,99.05,2
2674,0.171,1,99.05,2
2675,0.179,1,99.05,2
2676,0.220,1,99.05,2
2677,0.191,1,99.05,2
2678,0.208,1,99.05,2
2679,0.186,1,99.05,2
2680,0.210,1,99.05,2
2681,0.252,1,99.05,2
2682,0.215,1,99.05,2
2683,0.199,1,99.05,2
2684,0.248,1,99.05,2
2685,0.210,1,99.05,2
2686,0.207,1,99.05,2
2687,0.204,1,99.05,2
2688,0.199,1,99.05,2
2689,0.232,1,99.05,2
2690,0.211,1,99.05,2
2691,0.232,1,99.05,2
2692,0.207,1,99.05,2
2693,0.204,1,99.05,2
2694,0.205,1,99.05,2
2695,0.231,1,99.05,2
2696,0.207,1,99.05,2
2697,0.231,1,99.05,2
2698,0.251,1,99.05,2
2699,0.203,1,99.05,2
2700,0.242,1,99.05,2
2701,0.198,1,99.05,2
2702,0.199,1,99.05,2
2703,0.210,1,99.05,2
2704,0.204,1,99.05,2
2705,0.230,1,99.05,2
2706,0.251,1,99.05,2
2707,0.227,1,99.05,2
2708,0.207,1,99.05,2
2709,0.268,1,99.05,2
2710,0.251,1,99.05,2
2711,0.259,1,99.05,2
2712,0.248,1,99.05,2
2713,0.185,1,99.05,2
2714,0.227,1,99.05,2
2715,0.200,1,99.05,2
2716,0.235,1,99.05,2
2717,0.232,1,99.05,2
2718,0.230,1,99.05,2
2719,0.227,1,99.05,2
2720,0.216,1,99.05,2
2721,0.207,1,99.05,2
2722,0.207,1,99.05,2
2723,0.268,1,99.05,2
2724,0.251,1,99.05,2
2725,0.232,1,99.05,2
2726,0.221,1,99.05,2
2727,0.227,1,99.05,2
2728,0.248,1,99.05,2
2729,0.258,1,99.05,2
2730,0.272,1,99.05,2
2731,0.251,1,99.05,2
2732,0.248,1,99.05,2
2733,0.248,1,99.05,2
2734,0.227,1,99.05,2
2735,0.275,1,99.05,2
2736,0.251,1,99.05,2
2737,0.270,1,99.05,2
2738,0.248,1,99.05,2
2739,0.248,1,99.05,2
2740,0.242,1,99.05,2
2741,0.251,1,99.17,2
2742,0.227,1,99.29,2
2743,0.251,1,99.40,2
2744,0.199,1,99.40,2
2745,0.207,1,99.40,2
2746,0.227,1,99.40,2
2747,0.212,1,99.40,2
2748,0.232,1,99.40,2
2749,0.186,1,99.40,2
2750,0.221,1,99.40,2
2751,0.251,1,99.40,2
2752,0.221,1,99.40,2
2753,0.211,1,99.40,2
2754,0.211,1,99.40,2
2755,0.210,1,99.40,2
2756,0.253,1,99.40,2
2757,0.230,1,99.40,2
2758,0.211,1,99.40,2
2759,0.206,1,99.40,2
2760,0.215,1,99.40,2
2761,0.191,1,99.40,2
2762,0.232,1,99.40,2
2763,0.203,1,99.40,2
2764,0.212,1,99.40,2
2765,0.202,1,99.40,2
2766,0.197,1,99.40,2
2767,0.215,1,99.40,2
2768,0.242,1,99.40,2
2769,0.215,1,99.40,2
2770,0.202,1,99.40,2
2771,0.199,1,99.40,2
2772,0.196,1,99.40,2
2773,0.211,1,99.40,2
2774,0.223,1,99.40,2
2775,0.210,1,99.40,2
2776,0.215,1,99.40,2
2777,0.184,1,99.40,2
2778,0.191,1,99.40,2
2779,0.205,1,99.40,2
2780,0.194,1,99.40,2
2781,0.214,1,99.40,2
2782,0.190,1,99.40,2
2783,0.204,1,99.40,2
2784,0.225,1,99.40,2
2785,0.190,1,99.40,2
2786,0.261,1,99.40,2
2787,0.200,1,99.40,2
2788,0.193,1,99.40,2
2789,0.215,1,99.40,2
2790,0.270,1,99.40,2
2791,0.231,1,99.40,2
2792,0.215,1,99.40,2
2793,0.231,1,99.40,2
2794,0.194,1,99.40,2
2795,0.243,1,99.40,2
2796,0.225,1,99.40,2
2797,0.190,1,99.40,2
2798,0.188,1,99.40,2
2799,0.184,1,99.40,2
2800,0.191,1,99.40,2
2801,0.196,1,99.40,2
2802,0.195,1,99.40,2
2803,0.220,1,99.40,2
2804,0.215,1,99.40,2
2805,0.184,1,99.40,2
2806,0.202,1,99.40,2
2807,0.231,1,99.40,2
2808,0.210,1,99.40,2
2809,0.191,1,99.40,2
2810,0.195,1,99.40,2
2811,0.184,1,99.40,2
2812,0.191,1,99.40,2
2813,0.230,1,99.40,2
2814,0.188,1,99.40,2
2815,0.210,1,99.40,2
2816,0.207,1,99.40,2
2817,0.196,1,99.40,2
2818,0.227,1,99.40,2
2819,0.208,1,99.40,2
2820,0.242,1,99.40,2
2821,0.221,1,99.40,2
2822,0.230,1,99.40,2
2823,0.245,1,99.40,2
2824,0.221,1,99.40,2
2825,0.230,1,99.40,2
2826,0.194,1,99.40,2
2827,0.210,1,99.40,2
2828,0.196,1,99.40,2
2829,0.196,1,99.40,2
2830,0.176,1,99.40,2
2831,0.213,1,99.40,2
2832,0.213,1,99.40,2
2833,0.193,1,99.40,2
2834,0.215,1,99.40,2
2835,0.198,1,99.40,2
2836,0.184,1,99.40,2
2837,0.221,1,99.40,2
2838,0.230,1,99.40,2
2839,0.215,1,99.40,2
2840,0.230,1,99.40,2
2841,0.179,1,99.40,2
2842,0.203,1,99.40,2
2843,0.224,1,99.40,2
2844,0.230,1,99.40,2
2845,0.210,1,99.40,2
2846,0.213,1,99.40,2
2847,0.213,1,99.40,2
2848,0.213,1,99.40,2
2849,0.233,1,99.40,2
2850,0.230,1,99.40,2
2851,0.232,1,99.40,2
2852,0.251,1,99.40,2
2853,0.230,1,99.40,2
2854,0.230,1,99.40,2
2855,0.251,1,99.40,2
2856,0.248,1,99.40,2
2857,0.194,1,99.40,2
2858,0.213,1,99.40,2
2859,0.210,1,99.40,2
2860,0.202,1,99.40,2
2861,0.234,1,99.40,2
2862,0.251,1,99.40,2
2863,0.251,1,99.40,2
2864,0.248,1,99.40,2
2865,0.255,1,99.40,2
2866,0.201,1,99.40,2
2867,0.206,1,99.40,2
2868,0.183,1,99.40,2
2869,0.183,1,99.40,2
2870,0.195,1,99.40,2
2871,0.185,1,99.40,2
2872,0.192,1,99.40,2
2873,0.195,1,99.40,2
2874,0.201,1,99.40,2
2875,0.167,1,99.40,2
2876,0.209,1,99.40,2
2877,0.184,1,99.40,2
2878,0.183,1,99.40,2
2879,0.251,1,99.40,2
2880,0.208,1,99.40,2
2881,0.242,1,99.40,2
2882,0.229,1,99.40,2
2883,0.227,1,99.40,2
2884,0.219,1,99.40,2
2885,0.202,1,99.40,2
2886,0.223,1,99.40,2
2887,0.273,1,99.40,2
2888,0.253,1,99.40,2
2889,0.251,1,99.40,2
2890,0.232,1,99.40,2
2891,0.251,1,99.40,2
2892,0.232,1,99.40,2
2893,0.230,1,99.40,2
2894,0.245,1,99.40,2
2895,0.206,1,99.40,2
2896,0.221,1,99.40,2
2897,0.221,1,99.40,2
2898,0.213,1,99.40,2
2899,0.194,1,99.40,2
2900,0.226,1,99.40,2
2901,0.210,1,99.40,2
2902,0.221,1,99.40,2
2903,0.242,1,99.40,2
2904,0.207,1,99.40,2
2905,0.210,1,99.40,2
2906,0.194,1,99.40,2
2907,0.219,1,99.40,2
2908,0.219,1,99.40,2
2909,0.185,1,99.40,2
2910,0.214,1,99.40,2
2911,0.181,1,99.40,2
2912,0.194,1,99.40,2
2913,0.226,1,99.40,2
2914,0.202,1,99.40,2
2915,0.224,1,99.40,2
2916,0.200,1,99.40,2
2917,0.242,1,99.40,2
2918,0.230,1,99.40,2
2919,0.211,1,99.40,2
2920,0.246,1,99.40,2
2921,0.211,1,99.40,2
2922,0.227,1,99.40,2
2923,0.192,1,99.40,2
2924,0.181,1,99.40,2
2925,0.211,1,99.40,2
2926,0.188,1,99.40,2
2927,0.214,1,99.40,2
2928,0.251,1,99.40,2
2929,0.230,1,99.40,2
2930,0.164,1,99.40,2
2931,0.191,1,99.40,2
2932,0.209,1,99.40,2
2933,0.207,1,99.40,2
2934,0.211,1,99.40,2
2935,0.160,1,99.40,2
2936,0.211,1,99.40,2
2937,0.225,1,99.40,2
2938,0.210,1,99.40,2
2939,0.253,1,99.40,2
2940,0.203,1,99.40,2
2941,0.206,1,99.40,2
2942,0.213,1,99.40,2
2943,0.225,1,99.40,2
2944,0.200,1,99.40,2
2945,0.223,1,99.40,2
2946,0.200,1,99.40,2
2947,0.223,1,99.40,2
2948,0.202,1,99.40,2
2949,0.231,1,99.40,2
2950,0.242,1,99.40,2
2951,0.251,1,99.40,2
2952,0.249,1,99.40,2
2953,0.235,1,99.40,2
2954,0.223,1,99.40,2
2955,0.232,1,99.40,2
2956,0.251,1,99.40,2
2957,0.191,1,99.40,2
2958,0.223,1,99.40,2
2959,0.198,1,99.40,2
2960,0.272,1,99.40,2
2961,0.251,1,99.40,2
2962,0.210,1,99.40,2
2963,0.170,1,99.40,2
2964,0.237,1,99.40,2
2965,0.217,1,99.40,2
2966,0.221,1,99.40,2
2967,0.252,1,99.40,2
2968,0.235,1,99.40,2
2969,0.223,1,99.40,2
2970,0.255,1,99.40,2
2971,0.212,1,99.40,2
2972,0.227,1,99.40,2
2973,0.230,1,99.40,2
2974,0.227,1,99.40,2
2975,0.219,1,99.40,2
2976,0.202,1,99.40,2
2977,0.227,1,99.40,2
2978,0.178,1,99.40,2
2979,0.194,1,99.40,2
2980,0.194,1,99.40,2
2981,0.202,1,99.40,2
2982,0.159,1,99.40,2
2983,0.226,1,99.40,2
2984,0.221,1,99.40,2
2985,0.213,1,99.40,2
2986,0.195,1,99.40,2
2987,0.232,1,99.40,2
2988,0.199,1,99.40,2
2989,0.213,1,99.52,2
2990,0.219,1,99.64,2
2991,0.188,1,99.76,2
2992,0.181,1,99.76,2
2993,0.191,1,99.76,2
2994,0.178,1,99.76,2
2995,0.172,1,99.76,2
2996,0.191,1,99.76,2
2997,0.213,1,99.76,2
2998,0.213,1,99.76,2
2999,0.229,1,99.76,2
3000,0.213,1,99.76,2
3001,0.232,1,99.76,2
3002,0.232,1,99.76,2
3003,0.216,1,99.76,2
3004,0.224,1,99.76,2
3005,0.251,1,99.76,2
3006,0.226,1,99.76,2
3007,0.215,1,99.76,2
3008,0.203,1,99.76,2
3009,0.229,1,99.76,2
3010,0.223,1,99.76,2
3011,0.227,1,99.76,2
3012,0.207,1,99.76,2
3013,0.251,1,99.76,2
3014,0.226,1,99.76,2
3015,0.231,1,99.76,2
3016,0.230,1,99.76,2
3017,0.227,1,99.76,2
3018,0.232,1,99.76,2
3019,0.251,1,99.76,2
3020,0.230,1,99.76,2
3021,0.210,1,99.76,2
3022,0.230,1,99.76,2
3023,0.202,1,99.76,2
3024,0.210,1,99.76,2
3025,0.196,1,99.76,2
3026,0.183,1,99.76,2
3027,0.234,1,99.76,2
3028,0.230,1,99.76,2
3029,0.242,1,99.76,2
3030,0.211,1,99.76,2
3031,0.211,1,99.76,2
3032,0.229,1,99.76,2
3033,0.230,1,99.76,2
3034,0.230,1,99.76,2
3035,0.194,1,99.76,2
3036,0.183,1,99.76,2
3037,0.159,1,99.76,2
3038,0.168,1,99.76,2
3039,0.095,1,99.76,2
3040,0.123,1,99.76,2
3041,0.143,1,99.76,2
3042,0.181,1,99.76,2
3043,0.176,1,99.76,2
3044,0.145,1,99.76,2
3045,0.154,1,99.76,2
3046,0.195,1,99.76,2
3047,0.167,1,99.76,2
3048,0.191,1,99.76,2
3049,0.199,1,99.76,2
3050,0.226,1,99.76,2
3051,0.202,1,99.76,2
3052,0.216,1,99.76,2
3053,0.191,1,99.76,2
3054,0.215,1,99.76,2
3055,0.192,1,99.76,2
3056,0.251,1,99.76,2
3057,0.255,1,99.76,2
3058,0.230,1,99.76,2
3059,0.210,1,99.76,2
3060,0.249,1,99.76,2
3061,0.234,1,99.76,2
3062,0.227,1,99.76,2
3063,0.219,1,99.76,2
3064,0.204,1,99.76,2
3065,0.183,1,99.76,2
3066,0.207,1,99.76,2
3067,0.185,1,99.76,2
3068,0.207,1,99.76,2
3069,0.170,1,99.76,2
3070,0.185,1,99.76,2
3071,0.214,1,99.76,2
3072,0.214,1,99.76,2
3073,0.211,1,99.76,2
3074,0.219,1,99.76,2
3075,0.186,1,99.76,2
3076,0.207,1,99.76,2
3077,0.191,1,99.76,2
3078,0.200,1,99.76,2
3079,0.206,1,99.76,2
3080,0.163,1,99.76,2
3081,0.206,1,99.76,2
3082,0.210,1,99.76,2
3083,0.255,1,99.76,2
3084,0.227,1,99.76,2
3085,0.255,1,99.76,2
3086,0.232,1,99.76,2
3087,0.246,1,99.76,2
3088,0.240,1,99.76,2
3089,0.230,1,99.76,2
3090,0.242,1,99.76,2
3091,0.228,1,99.76,2
3092,0.229,1,99.76,2
3093,0.214,1,99.76,2
3094,0.233,1,99.76,2
3095,0.233,1,99.76,2
3096,0.272,1,99.76,2
3097,0.253,1,99.76,2
3098,0.243,1,99.76,2
3099,0.256,1,99.76,2
3100,0.233,1,99.76,2
3101,0.243,1,99.76,2
3102,0.271,1,99.76,2
3103,0.288,1,99.76,2
3104,0.294,1,99.76,2
3105,0.253,1,99.76,2
3106,0.240,1,99.76,2
3107,0.253,1,99.76,2
3108,0.233,1,99.76,2
3109,0.243,1,99.76,2
3110,0.253,1,99.76,2
3111,0.240,1,99.76,2
3112,0.242,1,99.76,2
3113,0.280,1,99.76,2
3114,0.268,1,99.76,2
3115,0.263,1,99.76,2
3116,0.251,1,99.76,2
3117,0.238,1,99.76,2
3118,0.297,1,99.76,2
3119,0.281,1,99.76,2
3120,0.313,0,99.64,2
3121,0.311,0,99.52,2
3122,0.259,0,99.40,2
3123,0.251,0,99.29,2
3124,0.240,1,99.29,2
3125,0.260,1,99.29,2
3126,0.249,1,99.29,2
3127,0.240,1,99.29,2
3128,0.291,1,99.29,2
3129,0.251,1,99.29,2
3130,0.242,1,99.29,2
3131,0.249,1,99.29,2
3132,0.238,1,99.29,2
3133,0.280,1,99.29,2
3134,0.238,1,99.29,2
3135,0.268,1,99.29,2
3136,0.270,1,99.29,2
3137,0.243,1,99.29,2
3138,0.264,1,99.29,2
3139,0.280,1,99.29,2
3140,0.243,1,99.29,2
3141,0.291,1,99.29,2
3142,0.270,1,99.29,2
3143,0.211,1,99.29,2
3144,0.246,1,99.29,2
3145,0.251,1,99.29,2
3146,0.248,1,99.29,2
3147,0.259,1,99.29,2
3148,0.268,1,99.29,2
3149,0.248,1,99.29,2
3150,0.259,1,99.29,2
3151,0.273,1,99.29,2
3152,0.281,1,99.29,2
3153,0.242,1,99.29,2
3154,0.281,1,99.29,2
3155,0.278,1,99.29,2
3156,0.272,1,99.29,2
3157,0.289,1,99.29,2
3158,0.270,1,99.29,2
3159,0.255,1,99.29,2
3160,0.240,1,99.29,2
3161,0.270,1,99.29,2
3162,0.270,1,99.29,2
3163,0.233,1,99.29,2
3164,0.183,1,99.29,2
3165,0.203,1,99.29,2
3166,0.206,1,99.29,2
3167,0.251,1,99.29,2
3168,0.213,1,99.29,2
